<?xml version='1.0' encoding='UTF-8'?>
<prov:document xmlns:file="https://www.esmvaltool.org/file" xmlns:author="https://www.esmvaltool.org/author" xmlns:software="https://www.esmvaltool.org/software" xmlns:recipe="https://www.esmvaltool.org/recipe" xmlns:project="https://www.esmvaltool.org/project" xmlns:attribute="https://www.esmvaltool.org/attribute" xmlns:task="https://www.esmvaltool.org/task" xmlns:preprocessor="https://www.esmvaltool.org/preprocessor" xmlns:prov="http://www.w3.org/ns/prov#" xmlns:xsd="http://www.w3.org/2001/XMLSchema" xmlns:xsi="http://www.w3.org/2001/XMLSchema-instance">
  <prov:agent prov:id="author:No maintainer available">
    <attribute:institute>Unseen University</attribute:institute>
  </prov:agent>
  <prov:entity prov:id="file:/data/shared/climate-data/obs6/Tier3/ERA5/OBS6_ERA5_reanaly_1_day_rsds_2013-2013.nc">
    <attribute:Conventions>CF-1.7</attribute:Conventions>
    <attribute:comment>Contains modified Copernicus Climate Change Service Information 2020</attribute:comment>
    <attribute:positive>down</attribute:positive>
  </prov:entity>
  <prov:wasAttributedTo>
    <prov:entity prov:ref="file:/home/elke/BEP-Elke/book/thesis_projects/BSc/2025_Q4_ElkeSchokking_CEG/work in progress/esmvaltool_output/ewcrep5yvtlv4f_20250525_104347/work/diagnostic/script/OBS6_ERA5_reanaly_1_day_rsds_2013-2019.nc"/>
    <prov:agent prov:ref="author:No maintainer available"/>
  </prov:wasAttributedTo>
  <prov:entity prov:id="file:/home/elke/BEP-Elke/book/thesis_projects/BSc/2025_Q4_ElkeSchokking_CEG/work in progress/esmvaltool_output/ewcrep5yvtlv4f_20250525_104347/work/diagnostic/script/OBS6_ERA5_reanaly_1_day_rsds_2013-2019.nc">
    <attribute:caption>Forcings for generic hydrological model</attribute:caption>
    <attribute:domains>('global',)</attribute:domains>
    <attribute:references>['acknow_project']</attribute:references>
    <attribute:script>script</attribute:script>
    <attribute:script_file>/opt/conda/envs/ewatercycle2/lib/python3.12/site-packages/ewatercycle/esmvaltool/diagnostic/copier.py</attribute:script_file>
  </prov:entity>
  <prov:wasDerivedFrom>
    <prov:generatedEntity prov:ref="file:/home/elke/BEP-Elke/book/thesis_projects/BSc/2025_Q4_ElkeSchokking_CEG/work in progress/esmvaltool_output/ewcrep5yvtlv4f_20250525_104347/preproc/diagnostic/rsds/OBS6_ERA5_reanaly_1_day_rsds_2013-2019.nc"/>
    <prov:usedEntity prov:ref="file:/data/shared/climate-data/obs6/Tier3/ERA5/OBS6_ERA5_reanaly_1_day_rsds_2019-2019.nc"/>
    <prov:activity prov:ref="task:diagnostic/rsds"/>
  </prov:wasDerivedFrom>
  <prov:entity prov:id="file:/data/shared/climate-data/obs6/Tier3/ERA5/OBS6_ERA5_reanaly_1_day_rsds_2014-2014.nc">
    <attribute:Conventions>CF-1.7</attribute:Conventions>
    <attribute:comment>Contains modified Copernicus Climate Change Service Information 2020</attribute:comment>
    <attribute:positive>down</attribute:positive>
  </prov:entity>
  <prov:activity prov:id="task:diagnostic/rsds"/>
  <prov:wasStartedBy>
    <prov:activity prov:ref="task:diagnostic/rsds"/>
    <prov:trigger prov:ref="recipe:ewcrep5yvtlv4f.yml"/>
    <prov:starter prov:ref="software:esmvaltool==2.11.1"/>
  </prov:wasStartedBy>
  <prov:wasDerivedFrom>
    <prov:generatedEntity prov:ref="file:/home/elke/BEP-Elke/book/thesis_projects/BSc/2025_Q4_ElkeSchokking_CEG/work in progress/esmvaltool_output/ewcrep5yvtlv4f_20250525_104347/preproc/diagnostic/rsds/OBS6_ERA5_reanaly_1_day_rsds_2013-2019.nc"/>
    <prov:usedEntity prov:ref="file:/data/shared/climate-data/obs6/Tier3/ERA5/OBS6_ERA5_reanaly_1_day_rsds_2013-2013.nc"/>
    <prov:activity prov:ref="task:diagnostic/rsds"/>
  </prov:wasDerivedFrom>
  <prov:entity prov:id="file:/data/shared/climate-data/obs6/Tier3/ERA5/OBS6_ERA5_reanaly_1_day_rsds_2016-2016.nc">
    <attribute:Conventions>CF-1.7</attribute:Conventions>
    <attribute:comment>Contains modified Copernicus Climate Change Service Information 2020</attribute:comment>
    <attribute:positive>down</attribute:positive>
  </prov:entity>
  <prov:wasDerivedFrom>
    <prov:generatedEntity prov:ref="file:/home/elke/BEP-Elke/book/thesis_projects/BSc/2025_Q4_ElkeSchokking_CEG/work in progress/esmvaltool_output/ewcrep5yvtlv4f_20250525_104347/preproc/diagnostic/rsds/OBS6_ERA5_reanaly_1_day_rsds_2013-2019.nc"/>
    <prov:usedEntity prov:ref="file:/data/shared/climate-data/obs6/Tier3/ERA5/OBS6_ERA5_reanaly_1_day_rsds_2015-2015.nc"/>
    <prov:activity prov:ref="task:diagnostic/rsds"/>
  </prov:wasDerivedFrom>
  <prov:wasDerivedFrom>
    <prov:generatedEntity prov:ref="file:/home/elke/BEP-Elke/book/thesis_projects/BSc/2025_Q4_ElkeSchokking_CEG/work in progress/esmvaltool_output/ewcrep5yvtlv4f_20250525_104347/preproc/diagnostic/rsds/OBS6_ERA5_reanaly_1_day_rsds_2013-2019.nc"/>
    <prov:usedEntity prov:ref="file:/data/shared/climate-data/obs6/Tier3/ERA5/OBS6_ERA5_reanaly_1_day_rsds_2017-2017.nc"/>
    <prov:activity prov:ref="task:diagnostic/rsds"/>
  </prov:wasDerivedFrom>
  <prov:agent prov:id="project:eWaterCycle project"/>
  <prov:wasDerivedFrom>
    <prov:generatedEntity prov:ref="file:/home/elke/BEP-Elke/book/thesis_projects/BSc/2025_Q4_ElkeSchokking_CEG/work in progress/esmvaltool_output/ewcrep5yvtlv4f_20250525_104347/work/diagnostic/script/OBS6_ERA5_reanaly_1_day_rsds_2013-2019.nc"/>
    <prov:usedEntity prov:ref="file:/home/elke/BEP-Elke/book/thesis_projects/BSc/2025_Q4_ElkeSchokking_CEG/work in progress/esmvaltool_output/ewcrep5yvtlv4f_20250525_104347/preproc/diagnostic/rsds/OBS6_ERA5_reanaly_1_day_rsds_2013-2019.nc"/>
    <prov:activity prov:ref="task:diagnostic/script"/>
  </prov:wasDerivedFrom>
  <prov:wasStartedBy>
    <prov:activity prov:ref="task:diagnostic/script"/>
    <prov:trigger prov:ref="recipe:ewcrep5yvtlv4f.yml"/>
    <prov:starter prov:ref="software:esmvaltool==2.11.1"/>
  </prov:wasStartedBy>
  <prov:entity prov:id="file:/data/shared/climate-data/obs6/Tier3/ERA5/OBS6_ERA5_reanaly_1_day_rsds_2017-2017.nc">
    <attribute:Conventions>CF-1.7</attribute:Conventions>
    <attribute:comment>Contains modified Copernicus Climate Change Service Information 2020</attribute:comment>
    <attribute:positive>down</attribute:positive>
  </prov:entity>
  <prov:entity prov:id="file:/data/shared/climate-data/obs6/Tier3/ERA5/OBS6_ERA5_reanaly_1_day_rsds_2019-2019.nc">
    <attribute:Conventions>CF-1.7</attribute:Conventions>
    <attribute:comment>Contains modified Copernicus Climate Change Service Information 2020</attribute:comment>
    <attribute:positive>down</attribute:positive>
  </prov:entity>
  <prov:activity prov:id="software:esmvaltool==2.11.1"/>
  <prov:wasDerivedFrom>
    <prov:generatedEntity prov:ref="file:/home/elke/BEP-Elke/book/thesis_projects/BSc/2025_Q4_ElkeSchokking_CEG/work in progress/esmvaltool_output/ewcrep5yvtlv4f_20250525_104347/preproc/diagnostic/rsds/OBS6_ERA5_reanaly_1_day_rsds_2013-2019.nc"/>
    <prov:usedEntity prov:ref="file:/data/shared/climate-data/obs6/Tier3/ERA5/OBS6_ERA5_reanaly_1_day_rsds_2014-2014.nc"/>
    <prov:activity prov:ref="task:diagnostic/rsds"/>
  </prov:wasDerivedFrom>
  <prov:wasDerivedFrom>
    <prov:generatedEntity prov:ref="file:/home/elke/BEP-Elke/book/thesis_projects/BSc/2025_Q4_ElkeSchokking_CEG/work in progress/esmvaltool_output/ewcrep5yvtlv4f_20250525_104347/preproc/diagnostic/rsds/OBS6_ERA5_reanaly_1_day_rsds_2013-2019.nc"/>
    <prov:usedEntity prov:ref="file:/data/shared/climate-data/obs6/Tier3/ERA5/OBS6_ERA5_reanaly_1_day_rsds_2018-2018.nc"/>
    <prov:activity prov:ref="task:diagnostic/rsds"/>
  </prov:wasDerivedFrom>
  <prov:entity prov:id="recipe:ewcrep5yvtlv4f.yml">
    <attribute:description>Generic lumped forcing recipe</attribute:description>
    <attribute:references>[]</attribute:references>
  </prov:entity>
  <prov:wasAttributedTo>
    <prov:entity prov:ref="file:/home/elke/BEP-Elke/book/thesis_projects/BSc/2025_Q4_ElkeSchokking_CEG/work in progress/esmvaltool_output/ewcrep5yvtlv4f_20250525_104347/work/diagnostic/script/OBS6_ERA5_reanaly_1_day_rsds_2013-2019.nc"/>
    <prov:agent prov:ref="project:eWaterCycle project"/>
  </prov:wasAttributedTo>
  <prov:entity prov:id="file:/data/shared/climate-data/obs6/Tier3/ERA5/OBS6_ERA5_reanaly_1_day_rsds_2018-2018.nc">
    <attribute:Conventions>CF-1.7</attribute:Conventions>
    <attribute:comment>Contains modified Copernicus Climate Change Service Information 2020</attribute:comment>
    <attribute:positive>down</attribute:positive>
  </prov:entity>
  <prov:wasAttributedTo>
    <prov:entity prov:ref="recipe:ewcrep5yvtlv4f.yml"/>
    <prov:agent prov:ref="project:eWaterCycle project"/>
  </prov:wasAttributedTo>
  <prov:entity prov:id="file:/home/elke/BEP-Elke/book/thesis_projects/BSc/2025_Q4_ElkeSchokking_CEG/work in progress/esmvaltool_output/ewcrep5yvtlv4f_20250525_104347/preproc/diagnostic/rsds/OBS6_ERA5_reanaly_1_day_rsds_2013-2019.nc">
    <attribute:alias>ERA5</attribute:alias>
    <attribute:dataset>ERA5</attribute:dataset>
    <attribute:diagnostic>diagnostic</attribute:diagnostic>
    <attribute:end_year>2019</attribute:end_year>
    <attribute:filename>/home/elke/BEP-Elke/book/thesis_projects/BSc/2025_Q4_ElkeSchokking_CEG/work in progress/esmvaltool_output/ewcrep5yvtlv4f_20250525_104347/preproc/diagnostic/rsds/OBS6_ERA5_reanaly_1_day_rsds_2013-2019.nc</attribute:filename>
    <attribute:frequency>day</attribute:frequency>
    <attribute:long_name>Surface Downwelling Shortwave Radiation</attribute:long_name>
    <attribute:mip>day</attribute:mip>
    <attribute:modeling_realm>['atmos']</attribute:modeling_realm>
    <attribute:original_short_name>rsds</attribute:original_short_name>
    <attribute:preprocessor>rsds</attribute:preprocessor>
    <attribute:project>OBS6</attribute:project>
    <attribute:recipe_dataset_index>0</attribute:recipe_dataset_index>
    <attribute:short_name>rsds</attribute:short_name>
    <attribute:standard_name>surface_downwelling_shortwave_flux_in_air</attribute:standard_name>
    <attribute:start_year>2013</attribute:start_year>
    <attribute:tier>3</attribute:tier>
    <attribute:timerange>2013/2019</attribute:timerange>
    <attribute:type>reanaly</attribute:type>
    <attribute:units>W m-2</attribute:units>
    <attribute:variable_group>rsds</attribute:variable_group>
    <attribute:version>1</attribute:version>
    <preprocessor:area_statistics>{'operator': 'mean'}</preprocessor:area_statistics>
    <preprocessor:extract_shape>{'shapefile': PosixPath('/home/elke/BEP-Elke/book/thesis_projects/BSc/2025_Q4_ElkeSchokking_CEG/work in progress/ShapefilesFR000119/FR000119.shp'), 'crop': True, 'decomposed': False}</preprocessor:extract_shape>
    <preprocessor:remove_supplementary_variables>{}</preprocessor:remove_supplementary_variables>
    <preprocessor:save>{'compress': False, 'filename': PosixPath('/home/elke/BEP-Elke/book/thesis_projects/BSc/2025_Q4_ElkeSchokking_CEG/work in progress/esmvaltool_output/ewcrep5yvtlv4f_20250525_104347/preproc/diagnostic/rsds/OBS6_ERA5_reanaly_1_day_rsds_2013-2019.nc')}</preprocessor:save>
  </prov:entity>
  <prov:wasDerivedFrom>
    <prov:generatedEntity prov:ref="file:/home/elke/BEP-Elke/book/thesis_projects/BSc/2025_Q4_ElkeSchokking_CEG/work in progress/esmvaltool_output/ewcrep5yvtlv4f_20250525_104347/preproc/diagnostic/rsds/OBS6_ERA5_reanaly_1_day_rsds_2013-2019.nc"/>
    <prov:usedEntity prov:ref="file:/data/shared/climate-data/obs6/Tier3/ERA5/OBS6_ERA5_reanaly_1_day_rsds_2016-2016.nc"/>
    <prov:activity prov:ref="task:diagnostic/rsds"/>
  </prov:wasDerivedFrom>
  <prov:activity prov:id="task:diagnostic/script"/>
  <prov:wasAttributedTo>
    <prov:entity prov:ref="recipe:ewcrep5yvtlv4f.yml"/>
    <prov:agent prov:ref="author:No maintainer available"/>
  </prov:wasAttributedTo>
  <prov:entity prov:id="file:/data/shared/climate-data/obs6/Tier3/ERA5/OBS6_ERA5_reanaly_1_day_rsds_2015-2015.nc">
    <attribute:Conventions>CF-1.7</attribute:Conventions>
    <attribute:comment>Contains modified Copernicus Climate Change Service Information 2020</attribute:comment>
    <attribute:positive>down</attribute:positive>
  </prov:entity>
</prov:document>
