time,PCRGlobWB: Sonoran Desert,PCRGlobWB: Station 1,PCRGlobWB: Station 2,PCRGlobWB: Station 3,PCRGlobWB: Station 4,PCRGlobWB: Station 5,PCRGlobWB: Station 6,PCRGlobWB: Station 7,PCRGlobWB: Station 8,PCRGlobWB: Station 9,PCRGlobWB: Station 10,PCRGlobWB: Station 11
2025-01-01 00:00:00+00:00,,-8.188796862818037e-12,-3.831771705486986e-11,-9.443496332139922e-12,6.169977723180509e-14,4.58325495882473e-14,3.74342646724396e-13,9.42884254356781e-16,3.9919456629178285e-14,1.617120892184428e-15,1.0345362262166591e-13,0.0
2025-01-02 00:00:00+00:00,,-8.122369096752458e-12,-3.830171596552745e-11,-9.427271463469111e-12,6.720925899150743e-14,4.052226287268486e-14,4.1295726603898797e-13,9.372138981705055e-16,4.2709325659417985e-14,1.6001892329644066e-15,1.1067633354927553e-13,0.0
2025-01-03 00:00:00+00:00,,-8.184592760474008e-12,-3.8322876122487415e-11,-9.442627235678458e-12,6.764987875440553e-14,3.22770578168631e-14,-5.3547850598079094e-08,9.300788102601905e-16,4.294307964780586e-14,1.5764959214846909e-15,1.1096393172805447e-13,0.0
2025-01-04 00:00:00+00:00,,-8.28359516397148e-12,-4.295888644811896e-11,-9.546954372885441e-12,6.746166125726205e-14,2.665633691426375e-14,-5.354113952193984e-08,9.233012761327352e-16,4.2825118451439437e-14,1.5544305014504795e-15,1.108222603854285e-13,0.0
2025-01-05 00:00:00+00:00,,-8.266765744169291e-12,-4.290642494075847e-11,-9.540044101918888e-12,6.822233750147788e-14,2.1797986321774737e-14,-5.353829024556944e-08,9.165202479943725e-16,4.319374719008451e-14,1.5321026070817378e-15,3.213312997846565e-14,0.0
2025-01-06 00:00:00+00:00,,-8.25051485464634e-12,-4.2855823056964226e-11,-9.53331250747036e-12,6.849208700199227e-14,1.8127657036050293e-14,-5.353441068223219e-08,9.099155085881571e-16,4.333209138729366e-14,1.5104549860487596e-15,3.081255817985115e-14,0.0
2025-01-07 00:00:00+00:00,,-8.234783514804445e-12,-4.280560628178165e-11,-9.526713619367744e-12,6.838366678474372e-14,1.5351667487684302e-14,-5.353020426923649e-08,9.034423769261214e-16,4.3298697960381105e-14,1.4893984881338466e-15,3.073300145731324e-14,0.0
2025-01-08 00:00:00+00:00,,-8.219562183664486e-12,-4.275616666271631e-11,-9.520250039696254e-12,6.840188138124148e-14,1.3252881627681071e-14,-5.352611509579219e-08,8.971114409201059e-16,4.3312142067319925e-14,1.4689323721831698e-15,3.0737256950840244e-14,0.0
2025-01-09 00:00:00+00:00,,-8.204835248715181e-12,-4.2707351544102323e-11,-9.513923503179367e-12,6.841489180731131e-14,1.1666081444513914e-14,-5.352210408204883e-08,8.909180418889009e-16,4.330867262036797e-14,1.449042556273981e-15,3.074916962221043e-14,0.0
2025-01-10 00:00:00+00:00,,-8.190581893274818e-12,-4.2659140109257976e-11,-9.507727938284916e-12,6.835330912391413e-14,1.0465772230783526e-14,-5.351791187990784e-08,8.848530212887641e-16,4.3285253853442285e-14,1.4296996060113635e-15,3.071428202917892e-14,0.0
2025-01-11 00:00:00+00:00,,-8.17676135134171e-12,-4.261083846879288e-11,-9.501630385266857e-12,6.813646868941703e-14,9.555880121480537e-15,-5.3513076636590995e-08,8.788961562080798e-16,4.3179002040538705e-14,1.4108539699679025e-15,3.059813687145141e-14,0.0
2025-01-12 00:00:00+00:00,,-8.163352806234148e-12,-4.2562085800224025e-11,-9.495623905231287e-12,6.78615150184747e-14,8.864593663336726e-15,-5.350733900399973e-08,8.730355881855865e-16,4.305063250331642e-14,1.3924713433092345e-15,3.042796117608444e-14,0.0
2025-01-13 00:00:00+00:00,,-8.1503259002913e-12,-4.264992872760054e-11,-9.489695487752137e-12,6.753365228151509e-14,8.338021232115987e-15,-5.3500610164292084e-08,8.6725697060074e-16,4.2898410518299457e-14,1.3745291737831387e-15,3.0217791973079916e-14,0.0
2025-01-14 00:00:00+00:00,,-8.130841486209128e-12,-4.259892438795987e-11,-9.482100001012572e-12,6.725002499319288e-14,9.218434053755685e-15,-5.34925632678096e-08,8.620611646231637e-16,4.277697987498108e-14,1.3595858185276783e-15,1.1013346674524846e-13,0.0
2025-01-15 00:00:00+00:00,,-8.118951691504783e-12,-4.255133745356687e-11,-9.476528069207735e-12,6.805059987735618e-14,8.610825980471127e-15,-5.3632529528613304e-08,8.56586473047704e-16,4.3132598187556326e-14,1.342681264361969e-15,3.2035277344267046e-14,0.0
2025-01-16 00:00:00+00:00,,-8.107472158902507e-12,-4.250549218154376e-11,-9.471110527792259e-12,6.827090975880523e-14,8.153823753340173e-15,-5.362634425409851e-08,8.512564123479879e-16,4.3226273255259073e-14,1.3262985883708868e-15,3.0692160916728425e-14,0.0
2025-01-17 00:00:00+00:00,,-8.096352581421495e-12,-4.245998344587498e-11,-9.465794467700128e-12,6.818937775543432e-14,7.807228882752027e-15,-5.361993160590828e-08,8.460327601622706e-16,4.3184206210966636e-14,1.3103567930288504e-15,3.0614728552822226e-14,0.0
2025-01-18 00:00:00+00:00,,-8.085546121527898e-12,-4.241368020685421e-11,-9.460542592376608e-12,6.789013795582832e-14,7.54164509027223e-15,-5.36088506919441e-08,8.408855527000431e-16,4.30597398015653e-14,1.2947953154801312e-15,3.875852004793512e-14,0.0
2025-01-19 00:00:00+00:00,,-8.075020686837409e-12,-4.2366093272461214e-11,-9.45533755458694e-12,6.745298763988217e-14,7.335785590903334e-15,-5.374730349672063e-08,8.357947258683671e-16,4.2867185495731874e-14,1.2795713805608929e-15,3.034925487462557e-14,0.0
2025-01-20 00:00:00+00:00,,-8.064765869009172e-12,-4.231989064740205e-11,-9.450234865482354e-12,6.747467168333188e-14,7.2004441254922e-15,-5.373674127895356e-08,8.308337068358579e-16,4.284073096272323e-14,1.264834277828089e-15,3.017992960033765e-14,0.0
2025-01-21 00:00:00+00:00,,-8.044063679046864e-12,-4.2459580990028556e-11,-9.441571656443326e-12,6.729426044183029e-14,9.733848519962243e-15,-5.37260760324898e-08,8.271001973625977e-16,4.276873993847019e-14,1.2567229844460633e-15,3.010249723643145e-14,0.0
2025-01-22 00:00:00+00:00,,-8.006777532654219e-12,-4.241140424965373e-11,-9.426434459391952e-12,6.736191465739338e-14,-7.242057176171102e-09,-5.3709801051127215e-08,8.256255659409872e-16,4.280039864190677e-14,1.2605896898502792e-15,3.6463267436915095e-14,0.0
2025-01-23 00:00:00+00:00,,-7.9915822223664e-12,-4.2363997726502234e-11,-9.420480021060662e-12,6.732895491134983e-14,-7.240718247203404e-09,-5.380845280456015e-08,8.218648455342965e-16,4.274618853328249e-14,1.2517290899472888e-15,3.022630296013393e-14,0.0
2025-01-24 00:00:00+00:00,,-7.95856696517161e-12,-4.2316528753305604e-11,-9.404255152389851e-12,6.720232009760352e-14,-7.251334643854079e-09,-5.3795933041556054e-08,8.210496292621234e-16,4.270672357420402e-14,1.2584924362728776e-15,3.003740783663264e-14,0.0
2025-01-25 00:00:00+00:00,,-7.947139474273612e-12,-4.226947611374321e-11,-9.398369235635862e-12,6.694558102315895e-14,-7.26229254510713e-09,-5.378264944511102e-08,8.1726450371864e-16,4.255189950397309e-14,1.2490994761625378e-15,2.989871127371743e-14,0.0
2025-01-26 00:00:00+00:00,,-7.93216967803767e-12,-4.222214938787161e-11,-9.38909540393329e-12,6.684323233807632e-14,-7.259265188963582e-09,-5.37614361917349e-08,8.143983559833682e-16,4.2516337672715565e-14,1.2444409008317576e-15,3.6507086145342454e-14,0.0
2025-01-27 00:00:00+00:00,,-7.926576929551121e-12,-4.2175360426277564e-11,-9.38847870973758e-12,6.67547614408015e-14,-7.2704766651554564e-09,-5.384750423331752e-08,8.098055845246778e-16,4.246299492582928e-14,1.2305072088494243e-15,2.987914142450407e-14,0.0
2025-01-28 00:00:00+00:00,,-7.92111862213396e-12,-4.2127752675202856e-11,-9.384686604219095e-12,6.610944430773813e-14,-7.26851023813424e-09,-5.383054357821493e-08,8.052450532575423e-16,4.214033635929759e-14,1.2168338736192534e-15,2.9382651368405066e-14,0.0
2025-01-29 00:00:00+00:00,,-7.903742764436839e-12,-4.2081112899827744e-11,-9.372396088391799e-12,6.625516107972018e-14,-7.263662116230307e-09,-5.38058131382968e-08,8.03792868209034e-16,4.220799057486069e-14,1.2194130889436427e-15,3.5477094081481225e-14,0.0
2025-01-30 00:00:00+00:00,,-7.896246156935405e-12,-4.203532660840281e-11,-9.368606584958528e-12,6.643210287426982e-14,-7.268823321027185e-09,-5.384577050904227e-08,8.001876312877236e-16,4.22817163225897e-14,1.2102856736622672e-15,2.965919068502465e-14,0.0
2025-01-31 00:00:00+00:00,,-7.880404662152785e-12,-4.1989797056052325e-11,-9.355748814554588e-12,6.642342925688993e-14,-7.263346812891314e-09,-5.3829605661803726e-08,7.993668563618342e-16,4.2290389939969586e-14,1.2156304515594418e-15,2.954942537945586e-14,0.0
2025-02-01 00:00:00+00:00,,-7.874110218020203e-12,-4.194458669282142e-11,-9.351829206860618e-12,6.60894949877644e-14,-7.262319190459721e-09,-5.376872280749012e-08,7.958637398502273e-16,4.211431550715794e-14,1.2067156415478271e-15,5.883465101826774e-14,0.0
2025-02-02 00:00:00+00:00,,-7.862892628662799e-12,-4.1900306141373633e-11,-9.342177205440283e-12,6.647547096116924e-14,-7.260458456670449e-09,-5.373039613232322e-08,7.945397214745504e-16,4.2315109749502255e-14,1.2089026806176378e-15,4.922819625357254e-14,0.0
2025-02-03 00:00:00+00:00,,-7.840766230726715e-12,-4.1856993565625444e-11,-9.322317223725562e-12,6.65752175610379e-14,-7.251231171068184e-09,-5.3673545608035056e-08,8.001637026069637e-16,4.2332456984262024e-14,1.2427467290581306e-15,6.974338505804853e-14,0.0
2025-02-04 00:00:00+00:00,,-7.836334012245594e-12,-4.1814055690148066e-11,-9.318228480492685e-12,6.651190015416475e-14,-7.249143951781889e-09,-5.366633359926709e-08,7.984872126461106e-16,4.228475208867266e-14,1.2377247765929782e-15,3.739412954089326e-14,0.0
2025-02-05 00:00:00+00:00,,-7.824857081728531e-12,-4.1770722297718166e-11,-9.306802724318164e-12,6.633495835961511e-14,-7.243191380013059e-09,-5.360244159646754e-08,8.023650882973184e-16,4.2221001000930514e-14,1.258963915987143e-15,7.701757526006048e-14,0.0
2025-02-06 00:00:00+00:00,,-7.816483571509991e-12,-4.1761521324401585e-11,-9.30018128481036e-12,6.619704784327496e-14,-7.237663357528845e-09,-5.354873167107144e-08,8.064784391078629e-16,4.21399026784286e-14,1.2800082378034393e-15,7.526305154190865e-14,0.0
2025-02-07 00:00:00+00:00,,-7.812013189112399e-12,-4.171876732961266e-11,-9.295345743121075e-12,6.623347703627047e-14,-7.234474797002122e-09,-5.3532087207486256e-08,8.073716353507426e-16,4.21472752532015e-14,1.284104489136361e-15,3.853133564708615e-14,0.0
2025-02-08 00:00:00+00:00,,-7.803840039455334e-12,-4.167724498849168e-11,-9.285893234900477e-12,6.635750976480281e-14,-7.228808662773645e-09,-5.347807885414113e-08,8.144154025214317e-16,4.2206689532253705e-14,1.3156547723556893e-15,8.79326857638682e-14,0.0
2025-02-09 00:00:00+00:00,,-7.795521173026287e-12,-4.164935063499797e-11,-9.275102387518164e-12,6.653705364456641e-14,-7.2220562863378746e-09,-5.3446317593852655e-08,8.27066951319418e-16,4.230296668517042e-14,1.3696183943923135e-15,6.821137350700862e-14,0.0
2025-02-10 00:00:00+00:00,,-7.792625919544882e-12,-4.160858810275947e-11,-9.271225280549356e-12,6.646159317336142e-14,-7.219056463725337e-09,-5.343660802736849e-08,8.322456048798124e-16,4.227347638607881e-14,1.3858319814313e-15,3.0320323617279155e-14,0.0
2025-02-11 00:00:00+00:00,,-7.788432225541708e-12,-4.1568446601525366e-11,-9.265022776761e-12,6.646853206726533e-14,-7.2143850893269246e-09,-5.3385569742658845e-08,8.460674355735488e-16,4.2267404853912893e-14,1.4369268087546924e-15,1.0903327936698237e-13,0.0
2025-02-12 00:00:00+00:00,,-7.786131982212563e-12,-4.152700405768428e-11,-9.26149174712565e-12,6.585183787155557e-14,-7.211341745971822e-09,-5.3377366526774495e-08,8.573848545400504e-16,4.195819039432003e-14,1.4727099273696871e-15,3.072321653270656e-14,0.0
2025-02-13 00:00:00+00:00,,-7.792052593436072e-12,-4.173904624704683e-11,-9.264187507407318e-12,6.600796298439349e-14,-7.208884156284512e-09,-5.334893771191673e-08,8.65543793525359e-16,4.200719633251637e-14,1.4958434559503861e-15,7.529028534522877e-14,0.0
2025-02-14 00:00:00+00:00,,-7.790624916015343e-12,-4.169518202923328e-11,-9.26204338919101e-12,6.56931106735037e-14,-7.207099805839334e-09,-5.3313094383611315e-08,8.785386024252201e-16,4.186755109270024e-14,1.5330973413991695e-15,1.0874653499741427e-13,0.0
2025-02-15 00:00:00+00:00,,-7.789284842130151e-12,-4.1652854776419446e-11,-9.26053417976691e-12,6.535223751047425e-14,-7.204459695486776e-09,-5.330182872853584e-08,8.911188945765185e-16,4.175436038589275e-14,1.5654645878961245e-15,3.044965877206131e-14,0.0
2025-02-16 00:00:00+00:00,,-7.788215385107211e-12,-4.161427105686677e-11,-9.259703247221918e-12,6.543376951384516e-14,-7.202267227057746e-09,-5.327102670094064e-08,9.037864840609434e-16,4.175305934328577e-14,1.5946231677097618e-15,1.0831981335111471e-13,0.0
2025-02-17 00:00:00+00:00,,-7.787088682209564e-12,-4.157100705337591e-11,-9.25846031785138e-12,6.547366815379263e-14,-7.200398499662697e-09,-5.3258155219282344e-08,9.160847671803654e-16,4.177474338673548e-14,1.6202818073853442e-15,4.689507788167846e-14,0.0
2025-02-18 00:00:00+00:00,,-7.785978459184939e-12,-4.1527222632842253e-11,-9.25730065520769e-12,6.522993950541789e-14,-7.198555085352609e-09,-5.323591523165305e-08,9.281399518439254e-16,4.166025163732101e-14,1.6432462470139476e-15,1.0816452849496047e-13,0.0
2025-02-19 00:00:00+00:00,,-7.784866501436838e-12,-4.148318841212806e-11,-9.256188697459589e-12,6.483962672332311e-14,-7.1970438497714895e-09,-5.3214378681332164e-08,9.396962341015527e-16,4.1461625799321666e-14,1.6635692143965384e-15,1.0821090524288854e-13,0.0
2025-02-20 00:00:00+00:00,,-7.783797911775636e-12,-4.144035808950619e-11,-9.255142659203575e-12,6.512151928816934e-14,-7.195450013597338e-09,-5.319369478229419e-08,9.510187352657377e-16,4.159736791131685e-14,1.6822083861591061e-15,1.0835555136522526e-13,0.0
2025-02-21 00:00:00+00:00,,-7.782754475604836e-12,-4.13985477842882e-11,-9.254136519587508e-12,6.532187984964466e-14,-7.1938242030000765e-09,-5.31915809176553e-08,9.623782941213651e-16,4.1674996786866814e-14,1.7000418178305982e-15,1.0842702739344637e-13,0.0
2025-02-22 00:00:00+00:00,,-7.781675477602779e-12,-4.135562378659863e-11,-9.253099154948874e-12,6.482401421203932e-14,-7.192386686227792e-09,-5.3203532246470786e-08,9.724436925127064e-16,4.142866605327811e-14,1.7149992550088066e-15,1.0809730796026637e-13,0.0
2025-02-23 00:00:00+00:00,,-7.780564387216415e-12,-4.1311825488277165e-11,-9.252038371543314e-12,6.435043470309765e-14,-7.190973594362049e-09,-5.3179253001189863e-08,9.80786649405806e-16,4.118927421359331e-14,1.7266868273732583e-15,1.0779269458364299e-13,0.0
2025-02-24 00:00:00+00:00,,-7.77948452185262e-12,-4.1269182515790703e-11,-9.251015752054226e-12,6.436778193785742e-14,-7.1896453235353874e-09,-5.316658402421126e-08,9.895589461240452e-16,4.1158916552763714e-14,1.7395849156984547e-15,1.0783864442696564e-13,0.0
2025-02-25 00:00:00+00:00,,-7.778461035001794e-12,-4.122861427258151e-11,-9.250044306907679e-12,6.481360587118346e-14,-7.187820116882904e-09,-5.3141071987283794e-08,9.9889441387309e-16,4.1373588582915843e-14,1.7541060250297088e-15,1.0804881024183838e-13,0.0
2025-02-26 00:00:00+00:00,,-7.777486120408295e-12,-4.118975299727268e-11,-9.249124036103673e-12,6.524641937843967e-14,-7.185975814394396e-09,-5.312053730222033e-08,1.0113889968780382e-15,4.1578285953081107e-14,1.7761604336356059e-15,1.0823004818749649e-13,0.0
2025-02-27 00:00:00+00:00,,-7.7765181447087e-12,-4.115119009440171e-11,-9.24821157155531e-12,6.511978456469336e-14,-7.184302486251681e-09,-5.3107427788745554e-08,1.0286317289479388e-15,4.1499789715793156e-14,1.8105962404688742e-15,4.682232791590468e-14,0.0
2025-02-28 00:00:00+00:00,,-7.775497259943087e-12,-4.1111215126621303e-11,-9.24724533057919e-12,6.463666407663382e-14,-7.182580752385093e-09,-5.308816142246542e-08,1.0391012679342388e-15,4.126516836566729e-14,1.8328592309380326e-15,1.0756593369926765e-13,0.0
2025-03-01 00:00:00+00:00,,-7.815990042681076e-12,-4.232545564031298e-11,-9.324423178025398e-12,6.499661919789901e-14,-7.1813874846782255e-09,-5.307305883661684e-08,1.0327595322581458e-15,4.143387022370604e-14,1.8121056531808814e-15,1.0804710939968029e-13,0.0
2025-03-02 00:00:00+00:00,,-7.81550518746954e-12,-4.277263265795028e-11,-9.322890549834373e-12,6.565841620398416e-14,-7.1800312362313434e-09,-5.306345585154304e-08,1.0237672187318574e-15,4.1707089171172385e-14,1.7856881778636775e-15,3.06406816423261e-14,0.0
2025-03-03 00:00:00+00:00,,-7.813804291101345e-12,-4.271491146901063e-11,-9.321286797980832e-12,6.52594298045095e-14,-7.178611483027453e-09,-5.30521333530487e-08,1.0370957056733774e-15,4.149718763057919e-14,1.8262621148283425e-15,2.892913298778617e-14,0.0
2025-03-04 00:00:00+00:00,,-7.812243039972966e-12,-4.265792233337784e-11,-9.31971860795855e-12,6.528805274186311e-14,-7.1774750587394465e-09,-5.304099559566566e-08,1.0397086964365385e-15,4.1511065418387005e-14,1.8336514185019522e-15,2.8932111155628715e-14,0.0
2025-03-05 00:00:00+00:00,,-7.81084832229828e-12,-4.259999297762107e-11,-9.318086233167655e-12,6.487345383110465e-14,-7.177540783942504e-09,-5.302512562366246e-08,1.035424615547563e-15,4.1318077431684586e-14,1.8203318254063783e-15,1.0741107574771883e-13,0.0
2025-03-06 00:00:00+00:00,,4.2730796678824845e-08,-4.254323282548711e-11,-9.316505032719302e-12,6.497840460140125e-14,-7.177543892566973e-09,-5.307752815042477e-08,1.0288570397119084e-15,4.13692517742259e-14,1.8008303741035058e-15,7.311840477704223e-14,0.0
2025-03-07 00:00:00+00:00,,3.366477230315468e-08,-4.248524795857911e-11,-9.314909087121404e-12,6.459763279842434e-14,-7.176578886713969e-09,-5.3190440496564406e-08,1.0224083661262246e-15,4.118363636229638e-14,1.7829666610041494e-15,1.0736087041086917e-13,0.0
2025-03-08 00:00:00+00:00,,2.6519478169007016e-08,-4.242615286864648e-11,-9.31321166020016e-12,6.404685809480171e-14,-7.18421677703418e-09,-5.3313982562031015e-08,1.0143387891168513e-15,4.0918657351340926e-14,1.7612728766755459e-15,3.697294410193695e-14,0.0
2025-03-09 00:00:00+00:00,,2.0888219154358012e-08,-4.236644021715641e-11,-9.311829952951545e-12,6.330005963839369e-14,-7.1899917131190705e-09,-5.3437997138416904e-08,1.0063852556212519e-15,4.051533414317632e-14,1.741412177523919e-15,2.7876591212803135e-14,0.0
2025-03-10 00:00:00+00:00,,1.645163649754977e-08,-4.231142519683928e-11,-9.310819476526788e-12,6.417262554681002e-14,-7.193603934751991e-09,-5.3417256395960067e-08,9.991475708452007e-16,4.091215213830601e-14,1.7245897855540935e-15,2.8254383153871604e-14,0.0
2025-03-11 00:00:00+00:00,,1.2955683637017046e-08,-4.2256132620765996e-11,-9.316602177233957e-12,6.39427746862431e-14,-7.195329665421468e-09,-5.33958832704684e-08,9.924242468263697e-16,4.0805032963664445e-14,1.710072487871102e-15,2.8138237996144094e-14,0.0
2025-03-12 00:00:00+00:00,,1.0201396172249133e-08,-4.2201773325922787e-11,-9.322087372864996e-12,6.387858991763196e-14,-7.198364126992374e-09,-5.332325869744636e-08,9.854855646806993e-16,4.073434298201839e-14,1.6935760977068509e-15,6.192590792366767e-14,0.0
2025-03-13 00:00:00+00:00,,8.031821430165564e-09,-4.214942631031171e-11,-9.327059957708883e-12,6.416048248247819e-14,-7.208250440982056e-09,-5.33825108561814e-08,9.767982888945407e-16,4.086618196619263e-14,1.6668674548140283e-15,4.24832559539276e-14,0.0
2025-03-14 00:00:00+00:00,,6.322521173274254e-09,-4.2096687247195064e-11,-9.319668300977746e-12,6.379619055252306e-14,-7.196245821461389e-09,-5.335558483920977e-08,9.705275981068988e-16,4.0683168639477074e-14,1.6531730496392944e-15,3.217354361444505e-14,0.0
2025-03-15 00:00:00+00:00,,4.976418388480397e-09,-4.205817985547533e-11,-9.318788796175426e-12,6.419864639894968e-14,-7.194174145297438e-09,-5.3335451610792006e-08,9.62535206974844e-16,4.0869217732275587e-14,1.6282471993422053e-15,2.8325432277487295e-14,0.0
2025-03-16 00:00:00+00:00,,3.916297064421315e-09,-4.200875064475085e-11,-9.31693697886482e-12,6.442936462125459e-14,-7.191845341480985e-09,-5.331036234679232e-08,9.546791881472972e-16,4.099325046080793e-14,1.6038357098023363e-15,3.233563861549521e-14,0.0
2025-03-17 00:00:00+00:00,,3.081062294185699e-09,-4.1958186924873075e-11,-9.311038051684761e-12,6.405986852087153e-14,-7.182116679160799e-09,-5.3272550815108843e-08,9.503540261603799e-16,4.081500762365131e-14,1.5984172400387506e-15,4.027734499005217e-14,0.0
2025-03-18 00:00:00+00:00,,2.4231350259640294e-09,-4.19071687074446e-11,-9.308081215519959e-12,6.390287604629563e-14,-7.177844540962042e-09,-5.325298602087969e-08,9.445592620099764e-16,4.074345028026727e-14,1.5835980809891814e-15,2.828118666445452e-14,0.0
2025-03-19 00:00:00+00:00,,1.9049408717108918e-09,-4.185570987025322e-11,-9.30378170338475e-12,6.341281666433218e-14,-7.170324778371651e-09,-5.320841012235178e-08,9.411096144531649e-16,4.045982299194506e-14,1.5808756112175876e-15,4.446453378019119e-14,0.0
2025-03-20 00:00:00+00:00,,1.4965932937371917e-09,-4.180198201475527e-11,-9.299529896145131e-12,6.251856671246614e-14,-7.162665127680157e-09,-5.3139771694077353e-08,9.392256014202345e-16,4.001790218643997e-14,1.5852366662256448e-15,6.231050153930259e-14,0.0
2025-03-21 00:00:00+00:00,,1.175013308873929e-09,-4.174784129507003e-11,-9.296285963245055e-12,6.21403969947032e-14,-7.156395032126284e-09,-5.310483075504635e-08,9.375509114043943e-16,3.980930168845376e-14,1.5885986458724155e-15,3.699676944467732e-14,0.0
2025-03-22 00:00:00+00:00,,9.217462348942718e-10,-4.169310036106211e-11,-9.2933690257202e-12,6.187151485592679e-14,-7.1501755627423336e-09,-5.303363082020951e-08,9.374284092643977e-16,3.97091214077161e-14,1.5976460165402755e-15,7.029007367473361e-14,0.0
2025-03-23 00:00:00+00:00,,7.222030751208308e-10,-4.1636482456253177e-11,-9.290949086471212e-12,6.135023045139576e-14,-7.145046776457775e-09,-5.299824579196866e-08,9.376719312367333e-16,3.947276533411426e-14,1.605979550191837e-15,3.7914021423259003e-14,0.0
2025-03-24 00:00:00+00:00,,5.67358049430311e-10,-4.157999639042842e-11,-9.288847468980066e-12,6.055572709939838e-14,-7.1405823476311525e-09,-5.29328971765608e-08,9.38278300947849e-16,3.902433931557425e-14,1.6137328662745292e-15,6.98037954478467e-14,0.0
2025-03-25 00:00:00+00:00,,4.4535924947908256e-10,-4.152689650482877e-11,-9.28701733571291e-12,6.15271722459454e-14,-7.136989221834256e-09,-5.288283588811282e-08,9.394127957015777e-16,3.947016324890029e-14,1.6212891413178664e-15,6.291633338449676e-14,0.0
2025-03-26 00:00:00+00:00,,3.4923924863150546e-10,-4.1475527873258144e-11,-9.285346797005545e-12,6.169457306137716e-14,-7.133852619745085e-09,-5.282742066015089e-08,9.409854182472737e-16,3.9528276485345515e-14,1.6286253995531543e-15,7.831559565348728e-14,0.0
2025-03-27 00:00:00+00:00,,2.735085491423206e-10,-4.142496068393342e-11,-9.283767331280668e-12,6.204585456526246e-14,-7.131085055789299e-09,-5.278408821141056e-08,9.429959568267002e-16,3.9723432876392906e-14,1.6358678488895338e-15,7.001778985164103e-14,0.0
2025-03-28 00:00:00+00:00,,2.138422078301616e-10,-4.1376412712734734e-11,-9.282286744793922e-12,6.227310334061542e-14,-7.128605261641496e-09,-5.2737018307880135e-08,9.454588109999605e-16,3.979499021977695e-14,1.6431379326758175e-15,8.885929237431936e-14,0.0
2025-03-29 00:00:00+00:00,,1.668325616543953e-10,-4.2101166303210036e-11,-9.280905037545306e-12,6.286724613113748e-14,-7.1264216749966636e-09,-5.270468506068937e-08,9.420148809155429e-16,4.0081653274182116e-14,1.637164868090017e-15,7.108224599206014e-14,0.0
2025-03-30 00:00:00+00:00,,1.2972259377797002e-10,-4.594990707373903e-11,-9.330511190064339e-12,6.477891140166392e-14,-7.125143142161505e-09,-5.315500573033205e-08,9.391564623559149e-16,4.102447548337551e-14,1.6328229772023914e-15,3.270407084249652e-14,0.0
2025-03-31 00:00:00+00:00,,1.0054216487143108e-10,-4.594659375189991e-11,-9.32898029659679e-12,6.161477578148222e-14,-7.123965861666193e-09,-5.3080853490428126e-08,9.31354335999637e-16,3.8641832789121366e-14,1.607110233297303e-15,2.8298203556364858e-14,0.0
2025-04-01 00:00:00+00:00,,7.75523117946264e-11,-4.580725382341555e-11,-9.327033936856743e-12,5.929978730279117e-14,-7.122089584754576e-09,-5.294835858649094e-08,9.291620029739061e-16,3.7256656093553886e-14,1.606720068745974e-15,2.7410733256208637e-14,0.0
2025-04-02 00:00:00+00:00,,5.943934927588046e-11,-4.567134170851972e-11,-9.325182986907876e-12,5.938218666790007e-14,-7.126176537752826e-09,-5.281368586906865e-08,9.271401353288101e-16,3.7270100200492706e-14,-3.529525630097119e-11,2.7378400314546046e-14,0.0
2025-04-03 00:00:00+00:00,,4.516895191208903e-11,-4.553944027430035e-11,-9.323515917647462e-12,5.900401695013713e-14,-7.134705271027997e-09,-5.26914583076632e-08,9.251423022435925e-16,3.6908844036620536e-14,-3.5284240806898737e-11,2.7181421108596164e-14,0.0
2025-04-04 00:00:00+00:00,,3.3925910691845473e-11,-4.5412847093917463e-11,-9.322652892718164e-12,6.002490171574948e-14,-7.139808744227594e-09,-5.261044577764551e-08,9.23295241022986e-16,3.755849797837385e-14,-3.527387756885325e-11,2.7512414479328832e-14,0.0
2025-04-05 00:00:00+00:00,,2.5068043127407513e-11,-4.529198543989921e-11,-9.324390218279355e-12,6.107701150392941e-14,-7.142708646767915e-09,-5.259654756173404e-08,9.216035044690824e-16,3.827667349742825e-14,-3.526432271194757e-11,2.7863402909814386e-14,0.0
2025-04-06 00:00:00+00:00,,1.8089373748919613e-11,-4.517742777099265e-11,-9.323920975579103e-12,6.198687396707925e-14,-7.149922875981929e-09,-5.258393898088798e-08,9.163111367355191e-16,3.882701452018189e-14,-3.525583297525614e-11,2.815993559212096e-14,0.0
2025-04-07 00:00:00+00:00,,8.578155643590435e-07,-4.550854137974625e-11,-9.321776857362796e-12,6.334602981050708e-14,-7.154151493438121e-09,-5.256863033764603e-08,9.124147851781493e-16,3.964233455389099e-14,-3.524886632577662e-11,4.896101834508601e-14,0.0
2025-04-08 00:00:00+00:00,,1.8638378378454945e-06,-4.5439877555120134e-11,-9.320463671691481e-12,6.335036661919702e-14,-7.1603287743471355e-09,-5.2601485833747574e-08,9.056911435219631e-16,3.969264153469432e-14,-3.5241830287358056e-11,7.127922519801003e-14,0.0
2025-04-09 00:00:00+00:00,,2.5692481813166523e-06,-4.53216283946567e-11,-9.319121863082813e-12,6.264606888795043e-14,-7.1631585107923e-09,-5.262909397174553e-08,8.989034449991408e-16,3.9254623857010174e-14,-3.523366320923316e-11,2.901762421385172e-14,0.0
2025-04-10 00:00:00+00:00,,3.0744670311833033e-06,-4.5205936216596854e-11,-9.316034055295574e-12,6.252030143594212e-14,-7.149869585276747e-09,-5.2611440537475573e-08,8.972927059708183e-16,3.922036306835963e-14,-3.522497224461851e-11,3.496869135401204e-14,0.0
2025-04-11 00:00:00+00:00,,3.499472995827091e-06,-4.509494860860386e-11,-9.31416055394152e-12,6.304679001090108e-14,-7.148898362174805e-09,-5.261885860363691e-08,8.92776749812532e-16,3.9566874082686e-14,-3.5216878024879605e-11,2.831862552072316e-14,0.0
2025-04-12 00:00:00+00:00,,3.842642854579026e-06,-4.498735065028292e-11,-9.31275456056424e-12,6.329485546796576e-14,-7.148128755574135e-09,-5.2586884180527704e-08,8.868034205289355e-16,3.977547458067221e-14,-3.520907176923771e-11,6.258704085592218e-14,0.0
2025-04-13 00:00:00+00:00,,4.053161319461651e-06,-4.488091842613784e-11,-9.310208853863244e-12,6.278918357471852e-14,-7.137201496476564e-09,-5.257264490410307e-08,8.860101212342726e-16,3.950615876102681e-14,-3.5200255904532796e-11,4.324989869822389e-14,0.0
2025-04-14 00:00:00+00:00,,4.0963450373965316e-06,-4.477352863463402e-11,-9.308504488048097e-12,6.207100805566412e-14,-7.132522572561584e-09,-5.2575419573486215e-08,8.825954667260945e-16,3.920344951446886e-14,-3.5189851033123887e-11,2.7792353786198695e-14,0.0
2025-04-15 00:00:00+00:00,,3.949860456486931e-06,-4.4663481246765e-11,-9.306109702289511e-12,6.10631337161216e-14,-7.126524703693349e-09,-5.25371461890245e-08,8.816977176811234e-16,3.876933496460566e-14,-3.517695856825043e-11,6.026200995460848e-14,0.0
2025-04-16 00:00:00+00:00,,3.887887942255475e-06,-4.455800312053171e-11,-9.3038033874282e-12,6.152196807551746e-14,-7.118783784676452e-09,-5.2501224701018145e-08,8.826189189508216e-16,3.9048191763368933e-14,-3.5164610806548424e-11,6.312905385073841e-14,0.0
2025-04-17 00:00:00+00:00,,3.7067720768391155e-06,-4.445113374607068e-11,-9.301567328867666e-12,6.019403725465722e-14,-7.1106205368209885e-09,-5.245609457915634e-08,8.834699753045754e-16,3.8383792672069816e-14,-3.514998361819899e-11,8.008415301350921e-14,0.0
2025-04-18 00:00:00+00:00,,3.6457020087254932e-06,-4.434946160314368e-11,-9.299542906571201e-12,6.085583426074237e-14,-7.103933885588276e-09,-5.242077705247539e-08,8.847638181315063e-16,3.875068668723891e-14,-3.513650481679065e-11,6.926943963087365e-14,0.0
2025-04-19 00:00:00+00:00,,3.5875029880116927e-06,-4.424996827290251e-11,-9.297543637765138e-12,6.120711576462767e-14,-7.097210819040356e-09,-5.2382461035449523e-08,8.887329086432216e-16,3.900785944255247e-14,-3.512332785726713e-11,9.095544142075779e-14,0.0
2025-04-20 00:00:00+00:00,,3.6005858419230208e-06,-4.415461052342806e-11,-9.295747331605764e-12,6.159916327019843e-14,-7.092126441676783e-09,-5.235014910454083e-08,8.92874370359703e-16,3.9209521046634777e-14,-3.5110928053860846e-11,8.879973579373202e-14,0.0
2025-04-21 00:00:00+00:00,,3.6260787510400405e-06,-4.406192771755357e-11,-9.294064649834066e-12,6.174574740391847e-14,-7.088100328900282e-09,-5.2318895882308425e-08,8.971501926774428e-16,3.927717526219787e-14,-3.509889254238452e-11,1.0396968252697827e-13,0.0
2025-04-22 00:00:00+00:00,,3.625952786023845e-06,-4.3970646568247673e-11,-9.29243314240491e-12,6.156533616241688e-14,-7.0847012700880896e-09,-5.229080812796383e-08,9.013275474150642e-16,3.917265817277027e-14,-3.508674947805268e-11,1.039394739439474e-13,0.0
2025-04-23 00:00:00+00:00,,3.7714996778959176e-06,-4.3885763079121176e-11,-9.29096296425902e-12,6.253504658548792e-14,-7.0820860287312826e-09,-5.226862143103972e-08,9.059195247803666e-16,3.963192621303513e-14,-3.5076563181801745e-11,1.0441936893054379e-13,0.0
2025-04-24 00:00:00+00:00,,3.848292635666439e-06,-4.380150062099908e-11,-9.289490184027915e-12,6.212998865384733e-14,-7.079625330419503e-09,-5.224720212027023e-08,9.105660298916484e-16,3.9446744481974605e-14,-3.506570728228908e-11,1.041432632947932e-13,0.0
2025-04-25 00:00:00+00:00,,3.9392048165609594e-06,-4.371998943430988e-11,-9.288067710777614e-12,6.233208393879863e-14,-7.077425312473906e-09,-5.222792154313538e-08,9.153456250547676e-16,3.951613342101368e-14,-3.50552573080698e-11,1.0419771734890629e-13,0.0
2025-04-26 00:00:00+00:00,,3.998811280325754e-06,-4.363971684018253e-11,-9.286647839612527e-12,6.224187831804784e-14,-7.075305230586082e-09,-5.220947585371505e-08,9.202507928523173e-16,3.9455851780223483e-14,-3.504462692260901e-11,1.0409305795794355e-13,0.0
2025-04-27 00:00:00+00:00,,3.936555913242046e-06,-4.3557893403267656e-11,-9.285147303805807e-12,6.136150615398961e-14,-7.072946672792568e-09,-5.2189019328352515e-08,9.252300760327517e-16,3.900829312342147e-14,-3.5032286099800913e-11,1.0352850033420319e-13,0.0
2025-04-28 00:00:00+00:00,,3.923796612070873e-06,-4.3478737971058834e-11,-9.283698809703367e-12,6.155492782156102e-14,-7.070722229940429e-09,-5.216984177991435e-08,9.304597633282181e-16,3.908895776505439e-14,-3.5020424060672184e-11,1.035876367864487e-13,0.0
2025-04-29 00:00:00+00:00,,3.975326762883924e-06,-4.3402875044007416e-11,-9.282317102454751e-12,6.209095737563786e-14,-7.068729601655832e-09,-5.215290954652119e-08,9.360514513295174e-16,3.9344395796891973e-14,-3.50096202028638e-11,1.0384119779327516e-13,0.0
2025-04-30 00:00:00+00:00,,3.7071738461236237e-06,-4.3324680648604286e-11,-9.280835648606267e-12,6.121318729679359e-14,-7.066440321779055e-09,-5.2133572125967476e-08,9.419504005324332e-16,3.8927628481788545e-14,-3.4997123254942863e-11,1.0331875464767229e-13,0.0
2025-05-01 00:00:00+00:00,,3.283308160462184e-06,-4.324466479355138e-11,-9.279276999563102e-12,6.016714904077958e-14,-7.06381886317331e-09,-5.211110121194906e-08,9.482215148365488e-16,3.8355603415585193e-14,-3.498274933622092e-11,1.0267208903815689e-13,0.0
2025-05-02 00:00:00+00:00,,2.8279564503463916e-06,-4.316202950604975e-11,-9.277601256685308e-12,6.650409389852285e-14,-7.060848794537833e-09,-5.208634945574886e-08,9.558411055926933e-16,4.077901211152479e-14,-3.4966439466099786e-11,1.0523493968600528e-13,0.0
2025-05-03 00:00:00+00:00,,2.2280821667663986e-06,-4.307850950957537e-11,-9.27587173737976e-12,6.8437443212499e-14,-7.057556761225214e-09,-5.2057931299032134e-08,9.64836595492534e-16,4.137098649770188e-14,-3.494837058637401e-11,1.059169231812894e-13,0.0
2025-05-04 00:00:00+00:00,,1.7883360214909771e-06,-4.299811201535775e-11,-9.274212474374988e-12,6.11299205699467e-14,-7.054468120770707e-09,-5.2031420949560925e-08,9.750275665183056e-16,3.8529075763182874e-14,-3.49313945824381e-11,1.0271590435845246e-13,0.0
2025-05-05 00:00:00+00:00,,1.6118466419356992e-06,-4.292204092148921e-11,-9.272659896863988e-12,5.967362021186418e-14,-7.051732531238031e-09,-5.200821817652468e-08,9.887990516912397e-16,3.8063736190752095e-14,-3.4916305957644056e-11,1.0213986096794733e-13,0.0
2025-05-06 00:00:00+00:00,,1.5044515748741105e-06,-4.2852606879639765e-11,-9.271275587530159e-12,6.082807868512674e-14,-7.049442363182834e-09,-5.198893759938983e-08,9.980049233993546e-16,3.861147512829177e-14,-8.238685775263654e-12,1.0269931606521343e-13,0.0
2025-05-07 00:00:00+00:00,,1.4713375549035845e-06,-4.278396040224841e-11,-9.2699042886224e-12,6.151416181987557e-14,-3.736273956889136e-09,-5.197033914328131e-08,9.99612274295888e-16,3.892806216265754e-14,-2.0003794627687643e-12,1.0298946211909771e-13,0.0
2025-05-08 00:00:00+00:00,,1.2425548447936308e-06,-4.271284714807422e-11,-9.268430641029557e-12,6.625863052667214e-14,-7.060936280112173e-10,-5.194858943013969e-08,9.99377222653025e-16,4.0681000235132103e-14,-4.846898164941049e-13,1.04940538138594e-13,0.0
2025-05-09 00:00:00+00:00,,9.789556543182698e-07,-4.264012753996127e-11,-2.1109030322319366e-12,5.937524777399616e-14,-1.3338011251029513e-10,-5.1924999411312456e-08,9.986487743183863e-16,3.790804475878318e-14,-1.1643138710104584e-13,1.0180503900829307e-13,0.0
2025-05-10 00:00:00+00:00,,7.712976639595581e-07,-4.256945143610302e-11,-3.2147822273155546e-13,5.940907488177771e-14,-2.5135509992835203e-11,-5.1901661635156415e-08,9.978328698319436e-16,3.787855445969157e-14,-2.6958583680832503e-14,1.0178418844526346e-13,0.0
2025-05-11 00:00:00+00:00,,6.70840790917282e-07,-2.4430943379449843e-11,-4.8964555554673744e-14,5.981673489863226e-14,-4.6769909993471526e-12,-5.187978402432236e-08,9.970423763339185e-16,3.8064603552490084e-14,-5.220874764683223e-15,1.0196713400934324e-13,0.0
2025-05-12 00:00:00+00:00,,6.408862418538774e-07,6.022011344187113e-18,-7.457430533557366e-15,5.996939056451822e-14,-8.103186632975323e-13,-5.1858535243809456e-08,9.96271046956325e-16,3.8115344214162405e-14,5.959054131457334e-17,1.0198882482905652e-13,0.0
2025-05-13 00:00:00+00:00,,6.306709678938205e-07,5.82515145738623e-18,-1.1357717617758328e-15,8.151378877441218e-14,-7.95596837650965e-14,-5.1837119485753647e-08,9.954977058754819e-16,4.658122845779822e-14,1.3414862067525116e-15,1.1136980281132441e-13,0.0
2025-05-14 00:00:00+00:00,,6.084965775698947e-07,5.825048059809661e-18,-1.7296333373594008e-16,7.631482251690969e-14,5.850080484056872e-14,-5.181549411759079e-08,9.947138827619165e-16,4.450172869097102e-14,1.6518550663733667e-15,1.089971144482664e-13,0.0
2025-05-15 00:00:00+00:00,,6.489655675068207e-07,5.824957897122893e-18,-2.632469377661631e-17,6.019230253118124e-14,8.454468272385898e-14,-5.1795336020177274e-08,9.93979505196647e-16,3.820468247317521e-14,1.7262842749650757e-15,1.0193522458415427e-13,0.0
2025-05-16 00:00:00+00:00,,7.407302859974152e-07,5.824871043158575e-18,-3.991189055369905e-18,6.0584350036752e-14,8.941999430408382e-14,-5.1776556375671134e-08,9.932941496631998e-16,3.839463469379467e-14,1.7434436801687901e-15,1.020760421175694e-13,0.0
2025-05-17 00:00:00+00:00,,6.996382921897748e-07,5.824770127123843e-18,-5.897280262632359e-19,5.988265439071938e-14,9.028554000343331e-14,-5.1755581154111496e-08,9.92525043747093e-16,3.805462889250322e-14,1.7465168215805471e-15,1.0163273217803082e-13,0.0
2025-05-18 00:00:00+00:00,,5.583772804129694e-07,5.8246596985120674e-18,-7.167527116355374e-20,9.134273198929677e-14,9.038628949031152e-14,-4.806873832308156e-08,9.916541879981971e-16,5.0299608228554504e-14,1.746027977690863e-15,1.1534128957924744e-13,0.0
2025-05-19 00:00:00+00:00,,4.399120143716573e-07,5.8245476155390665e-18,7.225571284667015e-21,5.843589501175472e-14,9.034054971115979e-14,-5.652152967883239e-09,9.907374865910311e-16,3.730566203175023e-14,1.7446357731629321e-15,1.0070995415650125e-13,0.0
2025-05-20 00:00:00+00:00,,3.465798670276854e-07,5.824435946156372e-18,1.9242230838377986e-20,1.0533761363173966e-13,9.026883651371345e-14,-6.603648738945367e-10,9.898236439200622e-16,5.570934338838818e-14,1.743059233089855e-15,1.2133447458567703e-13,0.0
2025-05-21 00:00:00+00:00,,2.730496930780646e-07,5.824330894218578e-18,2.1072283933120597e-20,5.831099492148439e-14,9.019151934628808e-14,-7.738081703179134e-11,9.88904824930528e-16,3.7202879665798605e-14,1.7414237183478254e-15,1.0053892804005524e-13,0.0
2025-05-22 00:00:00+00:00,,2.1511291947717837e-07,5.824218811245577e-18,2.135082084852649e-20,1.1557508422521678e-13,9.010901833722551e-14,-8.69073736586845e-12,9.879525481395774e-16,5.961333857107398e-14,1.7396934417948217e-15,1.2557740492000896e-13,0.0
2025-05-23 00:00:00+00:00,,1.6947926440025185e-07,5.824118722391458e-18,2.1393115304104666e-20,1.1852671621959132e-13,9.00283198142747e-14,-6.725178682172317e-13,9.870277999194125e-16,6.076042446956365e-14,1.7379942937026296e-15,1.2675671872807576e-13,0.0
2025-05-24 00:00:00+00:00,,1.3352747885164717e-07,5.824028146114383e-18,2.1399424171862517e-20,5.863885765844401e-14,8.995403841293229e-14,2.6154081613112556e-13,9.86168484994423e-16,3.730436098914325e-14,1.7364254828051962e-15,1.0042661147124932e-13,0.0
2025-05-25 00:00:00+00:00,,1.0517640447460508e-07,5.8238999331194375e-18,2.1400215809558124e-20,1.2878066668609023e-13,8.986329069109525e-14,3.768799779636095e-13,9.85125258040761e-16,6.475158950691728e-14,1.7345356464207535e-15,1.3107834858760298e-13,0.0
2025-05-26 00:00:00+00:00,,8.283587504820389e-08,5.823773788076023e-18,2.14001431081371e-20,5.645050399349927e-14,8.976606486127761e-14,3.8400050283646237e-13,9.840111979568847e-16,3.627046579746107e-14,1.7325007556440934e-15,9.904137378930963e-14,0.0
2025-05-27 00:00:00+00:00,,6.522845552581202e-08,5.823637716865258e-18,2.1399942775332496e-20,1.5088798266393866e-13,8.965831549412329e-14,3.918384713919032e-13,9.827732593044726e-16,7.320402964361428e-14,1.7302504008614755e-15,1.403950875911511e-13,0.0
2025-05-28 00:00:00+00:00,,5.136419645168644e-08,5.8235037136060246e-18,2.139971174637235e-20,1.6439107020094212e-13,8.954957001622299e-14,3.926564748259892e-13,9.815219798831412e-16,7.8385648666357e-14,1.727965000090665e-15,1.4615938396644185e-13,0.0
2025-05-29 00:00:00+00:00,,4.045546830866442e-08,5.8234003160294555e-18,2.1399527569439086e-20,1.3276445914867097e-13,8.945662678498667e-14,3.8994171390124843e-13,9.80425389853802e-16,6.608819394515741e-14,1.7259898251367864e-15,1.3242061798219434e-13,0.0
2025-05-30 00:00:00+00:00,,3.186832486790081e-08,5.823301881536562e-18,2.1399356317202893e-20,1.7095786591925233e-13,8.937293315353437e-14,3.9235018771226204e-13,9.79444102184408e-16,8.115166524880202e-14,1.7242128558925653e-15,1.4922766256204867e-13,0.0
2025-05-31 00:00:00+00:00,,2.510347663076118e-08,5.8231984839599925e-18,2.1399178602618165e-20,1.7785425909799812e-13,8.928848058056132e-14,3.9252349742953385e-13,9.78457626438212e-16,8.381012897573648e-14,1.7224347219780417e-15,1.5219596416482517e-13,0.0
2025-06-01 00:00:00+00:00,,1.9773580106630106e-08,5.8230967407446485e-18,2.1399004119207704e-20,1.8830163123206844e-13,8.92017715118168e-14,3.9287323394532336e-13,9.774436221212301e-16,8.784943258954847e-14,1.7206144481743922e-15,1.566741528180593e-13,0.0
2025-06-02 00:00:00+00:00,,1.5573972333982056e-08,5.822994170348692e-18,2.1398829635797244e-20,1.174511876644857e-13,8.91125213442305e-14,3.8715528721290637e-13,9.763995481346208e-16,6.005395833397209e-14,1.7187409171741841e-15,1.2543828822875192e-13,0.0
2025-06-03 00:00:00+00:00,,1.226524037889476e-08,5.822891599952735e-18,2.1398638996515445e-20,5.617294823734298e-14,8.901967298068428e-14,3.8193859424988374e-13,9.753187340939243e-16,3.5992042679566794e-14,1.7167944354613937e-15,9.837470464971187e-14,0.0
2025-06-04 00:00:00+00:00,,9.658434052539633e-09,5.822777862618509e-18,2.1398446741646512e-20,2.435629822827856e-13,8.892396503390812e-14,3.952210737498407e-13,9.742014976364959e-16,1.093430901377701e-13,1.7147851674313881e-15,1.805647916342662e-13,0.0
2025-06-05 00:00:00+00:00,,7.605353680162352e-09,5.822678600945003e-18,2.139825933353898e-20,2.412219729519549e-13,8.883138772090501e-14,3.9499688784562503e-13,9.73108083980709e-16,1.0843366135548926e-13,1.7128365681362296e-15,1.7950160943139976e-13,0.0
2025-06-06 00:00:00+00:00,,5.988812556978473e-09,5.822576444139353e-18,2.139808485012852e-20,1.3465617509922367e-13,8.874422464250076e-14,3.866828190111915e-13,9.720691980709016e-16,6.670835758781912e-14,1.7109945891133067e-15,1.3270650854255162e-13,0.0
2025-06-07 00:00:00+00:00,,4.715927648391016e-09,5.822485867862278e-18,2.1397941062873603e-20,5.6719386132275673e-14,8.866016509281524e-14,3.802233864130117e-13,9.710734049622857e-16,3.6197607411470045e-14,1.7092220667920587e-15,9.844618067793298e-14,0.0
2025-06-08 00:00:00+00:00,,3.7135607922067493e-09,5.822403976981635e-18,2.1397781119747348e-20,2.247533756327691e-13,8.858013064369508e-14,3.9210453460503114e-13,9.701271632810843e-16,1.0197962266311755e-13,1.707535518314957e-15,1.7214743899037627e-13,0.0
2025-06-09 00:00:00+00:00,,2.923925990216958e-09,5.822320018149461e-18,2.1397619561033958e-20,1.8631016868164707e-13,8.849946600206215e-14,3.892066790384119e-13,9.691788040175147e-16,8.690530933774809e-14,1.7058399701127907e-15,1.5519021885710554e-13,0.0
2025-06-10 00:00:00+00:00,,2.3020580997012985e-09,5.82224681266525e-18,2.139749192965038e-20,7.885359032400174e-14,8.842515749566543e-14,3.8082246232341854e-13,9.683069953565532e-16,4.4908955026956576e-14,1.7042701004241732e-15,1.0801562687909674e-13,0.0
2025-06-11 00:00:00+00:00,,1.812101801945687e-09,5.82218353334839e-18,2.1397373991789607e-20,5.812277742434091e-14,8.83558159904714e-14,3.7869336030720013e-13,9.675040081225561e-16,3.680909743675187e-14,1.7028054745792521e-15,9.886183668580961e-14,0.0
2025-06-12 00:00:00+00:00,,1.426075812993588e-09,5.822110327864179e-18,2.139724312923176e-20,8.607958096318313e-14,8.828256458119285e-14,3.803143238702289e-13,9.666650219883007e-16,4.771660497282504e-14,1.7012701214832353e-15,1.1100987479511354e-13,0.0
2025-06-13 00:00:00+00:00,,1.121934212200415e-09,5.8220511844503815e-18,2.1397128422545255e-20,1.7530074614136026e-13,8.82163469335083e-14,3.866729798764762e-13,9.65900362995167e-16,8.262010867121639e-14,1.6998701877796608e-15,1.5013343216199737e-13,0.0
2025-06-14 00:00:00+00:00,,8.82307948923966e-10,5.821978392556477e-18,2.1397012100271615e-20,2.2300477436898447e-13,8.814507419319453e-14,3.90053955931155e-13,9.650810703769352e-16,1.0123976310061344e-13,1.6983799391880852e-15,1.7093195348732992e-13,0.0
2025-06-15 00:00:00+00:00,,6.934315899265187e-10,5.821900637578897e-18,2.139688123771377e-20,9.361261765761242e-14,8.806194976788279e-14,3.8013399394389025e-13,9.641291112233398e-16,5.051601498218261e-14,1.696651356700976e-15,1.1401349428365876e-13,0.0
2025-06-16 00:00:00+00:00,,5.445893180855421e-10,5.8218133700242725e-18,2.1396729372523184e-20,5.615213155563126e-14,8.797490866222293e-14,3.7659155308067405e-13,9.63122412565528e-16,3.58046925441613e-14,1.6948347886664708e-15,9.748468308631852e-14,0.0
2025-06-17 00:00:00+00:00,,4.2740938566154796e-10,5.821746781984962e-18,2.13965872008554e-20,1.3960794326139947e-13,8.789377645840313e-14,3.8223981271845453e-13,9.621810413237733e-16,6.838410046561272e-14,1.6931258996953852e-15,1.3398581289597589e-13,0.0
2025-06-18 00:00:00+00:00,,3.351014465913238e-10,5.821675230861976e-18,2.1396454722710422e-20,3.4754924632673934e-13,8.781671001273014e-14,3.9743978507561506e-13,9.61279374751421e-16,1.4966023212381607e-13,1.6915025610519724e-15,2.2507740300454354e-13,0.0
2025-06-19 00:00:00+00:00,,2.623750106067746e-10,5.82160367973899e-18,2.1396323860152577e-20,3.4698719592052285e-13,8.774080908439258e-14,3.9751795605225126e-13,9.603887196073832e-16,1.494494632214849e-13,1.6899061157046348e-15,2.2478087371036876e-13,0.0
2025-06-20 00:00:00+00:00,,2.050764419392337e-10,5.821539159651211e-18,2.1396189766420464e-20,5.710362738220454e-14,8.766562643999429e-14,3.7575641925226277e-13,9.595070641884099e-16,3.6221459859264726e-14,1.6883274580491896e-15,9.780844618381343e-14,0.0
2025-06-21 00:00:00+00:00,,1.5990002377730406e-10,5.821455200819037e-18,2.1396060519449752e-20,1.6021819287947991e-13,8.757922230311077e-14,3.822214083865766e-13,9.585035419041503e-16,7.63590579655471e-14,1.6865281483109847e-15,1.427243739859918e-13,0.0
2025-06-22 00:00:00+00:00,,1.2429457463269955e-10,5.8213571799164495e-18,2.1395895729562095e-20,2.3895295464537725e-13,8.747681940791951e-14,3.8760992028888386e-13,9.573223544592042e-16,1.0688672169578695e-13,1.6844049543495733e-15,1.7686600881777759e-13,0.0
2025-06-23 00:00:00+00:00,,9.624208374692245e-11,5.8212690851812126e-18,2.1395718014977367e-20,5.298556732258319e-13,8.737043206974437e-14,4.0872313129478033e-13,9.5610315641075e-16,2.2029079949081876e-13,1.6821821281377413e-15,3.0386267503915154e-13,0.0
2025-06-24 00:00:00+00:00,,7.414044378428741e-11,5.8211805768556694e-18,2.139554514715404e-20,3.0674768281002684e-13,8.726241842831051e-14,3.923786480192898e-13,9.548679706154165e-16,1.3316951708031155e-13,1.6799218207179932e-15,2.0607593322757856e-13,0.0
2025-06-25 00:00:00+00:00,,5.6727414432522494e-11,5.821080901591857e-18,2.1395381972853517e-20,3.654576641309859e-13,8.714707964594878e-14,3.9564515942960843e-13,9.535455404265157e-16,1.55949038405101e-13,1.6775109531918706e-15,2.3155346455354386e-13,0.0
2025-06-26 00:00:00+00:00,,4.4781640201607686e-11,5.820988257363251e-18,2.139520910503019e-20,7.020538664304077e-13,8.703349591585377e-14,4.1994633139842696e-13,9.522277689188248e-16,2.871626547662487e-13,1.6751283553903627e-15,3.786075457052479e-13,0.0
2025-06-27 00:00:00+00:00,,3.526540517939658e-11,5.82089395877342e-18,2.1395033006032596e-20,4.398582192921552e-13,8.69192210068738e-14,4.0080536545944456e-13,9.509005741695957e-16,1.8488075653744218e-13,1.672732310940817e-15,2.6386911319148387e-13,0.0
2025-06-28 00:00:00+00:00,,2.77444994062348e-11,5.820789320425932e-18,2.1394840751163663e-20,5.381832132722586e-13,8.679114284898537e-14,4.0682057332250277e-13,9.4943891293999e-16,2.2295576843078813e-13,1.6700642630360844e-15,3.063940431664164e-13,0.0
2025-06-29 00:00:00+00:00,,2.1814994255464626e-11,5.820675583091706e-18,2.139461941572632e-20,9.898791855644795e-13,8.664676100092819e-14,4.393919581478778e-13,9.478058334176837e-16,3.9871751733588923e-13,1.6670628017874888e-15,5.032017554376655e-13,0.0
2025-06-30 00:00:00+00:00,,1.7093203588669503e-11,5.820558123444723e-18,2.1394414236160316e-20,9.907309347911841e-13,8.649741215166831e-14,4.39618014300841e-13,9.46079474392061e-16,3.989126737269366e-13,1.6639426500471592e-15,5.033527848002928e-13,0.0
2025-07-01 00:00:00+00:00,,1.337643971283109e-11,5.8204075765732386e-18,2.1394078194036466e-20,1.128207770262346e-12,8.630559645856489e-14,4.48998477287077e-13,9.425225712883034e-16,4.523022581470748e-13,1.6575588803610587e-15,5.631233868964858e-13,0.0
2025-07-02 00:00:00+00:00,,1.0547440525143781e-11,5.8202653015078795e-18,2.1393740536325482e-20,1.5709942027819501e-12,8.611179532023311e-14,4.809005299012681e-13,9.388941997796212e-16,6.244588179882271e-13,1.6510554672711586e-15,7.559319381393592e-13,0.0
2025-07-03 00:00:00+00:00,,8.311533752913824e-12,5.820111859504251e-18,2.1393388338330294e-20,1.6352301457356333e-12,8.590550552812701e-14,4.85596751611389e-13,9.350460232211266e-16,6.491734233504687e-13,1.6441463253995237e-15,7.834231310552275e-13,0.0
2025-07-04 00:00:00+00:00,,6.548722935456608e-12,5.819994399857268e-18,2.1393115304104666e-20,2.3166711604627466e-12,8.573280567457722e-14,5.348869676173595e-13,9.317700174185021e-16,9.14152000625057e-13,1.638283586855103e-15,1.0803736377740236e-12,0.0
2025-07-05 00:00:00+00:00,,5.159641377344704e-12,5.819893897412843e-18,2.1392874581621716e-20,5.992220608597165e-13,8.558601825294984e-14,4.104892153185963e-13,9.289333040781475e-16,2.4622187969058906e-13,1.6332918099386967e-15,3.3191369574678276e-13,0.0
2025-07-06 00:00:00+00:00,,4.065177881817927e-12,5.8197942221490305e-18,2.1392661324120042e-20,3.2156430296303995e-12,8.544995088030291e-14,5.97622049503671e-13,9.26321795622644e-16,1.2633253818061796e-12,1.6286943268592371e-15,1.4716236042267017e-12,0.0
2025-07-07 00:00:00+00:00,,3.2028689596341753e-12,5.81970323228165e-18,2.1392456144554038e-20,2.539912724586202e-13,8.531364633843075e-14,3.861267859270323e-13,9.237355922764399e-16,1.1198247190646882e-13,1.6241279722405892e-15,1.8134674534611706e-13,0.0
2025-07-08 00:00:00+00:00,,2.523472533363935e-12,5.819603970608143e-18,2.1392234809116694e-20,1.272489925929765e-12,8.517056553298055e-14,4.5376107927520837e-13,9.210606622290108e-16,5.076178193064163e-13,1.6193628825166917e-15,6.245707076524276e-13,0.0
2025-07-09 00:00:00+00:00,,1.9881904282648133e-12,5.819506363295862e-18,2.1392002164569414e-20,8.959335009994795e-13,8.502196207271426e-14,4.2711423590621744e-13,9.182818647664247e-16,3.611338658671137e-13,1.6144192805991604e-15,4.603547361023419e-13,0.0
2025-07-10 00:00:00+00:00,,1.5664529135622773e-12,5.819390971600411e-18,2.139175174856366e-20,6.884709816135093e-13,8.485293495402377e-14,4.105684976024593e-13,9.151855358277366e-16,2.803243748239481e-13,1.608834051224084e-15,3.695724553210572e-13,0.0
2025-07-11 00:00:00+00:00,,1.234174980095648e-12,5.819279302217716e-18,2.1391499716970773e-20,1.0080764348274762e-12,8.467339785052375e-14,4.3253210258234476e-13,9.118985185967978e-16,4.041628143269804e-13,1.6028965620220681e-15,5.081985722001081e-13,0.0
2025-07-12 00:00:00+00:00,,9.72380379340998e-13,5.819174663870228e-18,2.1391254147726422e-20,1.4131014067220171e-12,8.449663901509072e-14,4.618850332586966e-13,9.08644535650802e-16,5.611964885854359e-13,1.5970290589173192e-15,6.840932985016646e-13,0.0
2025-07-13 00:00:00+00:00,,7.661176922892088e-13,5.8190807788707035e-18,2.139102150317914e-20,1.121784089230804e-12,8.43337918487834e-14,4.4091732218434765e-13,9.056189339632097e-16,4.4805652243962157e-13,1.5915976719012878e-15,5.572863676604756e-13,0.0
2025-07-14 00:00:00+00:00,,6.036079296979635e-13,5.818981517197197e-18,2.1390819554787404e-20,1.984989429770767e-12,8.418238979165937e-14,5.025180575476962e-13,9.028023376553523e-16,7.827870296406303e-13,1.5865544377333357e-15,9.322631642355583e-13,0.0
2025-07-15 00:00:00+00:00,,-6.253352870244644e-14,5.818895490413492e-18,2.1390599834937195e-20,7.779627636539388e-13,8.403202450286279e-14,4.159957968374872e-13,9.000070230502947e-16,3.1460901592228474e-13,1.5815731428496516e-15,4.076098453990179e-13,0.0
2025-07-16 00:00:00+00:00,,-1.0606172176955662e-14,5.818807395678255e-18,2.1390396270958325e-20,2.86378212810412e-12,8.387913844401518e-14,5.644277905302031e-13,8.971876738853588e-16,1.1229706400883721e-12,1.5765272617037393e-15,1.3131668061966417e-12,0.0
2025-07-17 00:00:00+00:00,,-1.7988550932705087e-15,5.818718060172099e-18,2.1390192706979454e-20,4.10700987107937e-13,8.372459220059095e-14,3.9002367958548834e-13,8.943664188962915e-16,1.7202472085697806e-13,1.5714355348995569e-15,2.476232109985266e-13,0.0
2025-07-18 00:00:00+00:00,,-3.0507458606316047e-16,5.81863575570115e-18,2.138998752741345e-20,1.278482528177527e-12,8.357514848364098e-14,4.473549081087519e-13,8.916165264330304e-16,5.080892304110129e-13,1.5665049561135896e-15,6.241473809141806e-13,0.0
2025-07-19 00:00:00+00:00,,-5.17193586120372e-17,5.818562136626633e-18,2.138983404663573e-20,3.294274575349476e-13,8.344033471975598e-14,3.793091600361176e-13,8.891188380298143e-16,1.4047790708460184e-13,1.562040457206849e-15,2.1228482025622414e-13,0.0
2025-07-20 00:00:00+00:00,,-8.748627772191569e-18,5.8184868631908905e-18,2.1389656332051002e-20,9.1968706955603e-13,8.331170090825415e-14,4.196347045890003e-13,8.867402106952466e-16,3.6903509761931907e-13,1.557795022196092e-15,4.682760255947382e-13,0.0
2025-07-21 00:00:00+00:00,,-1.4605062786754249e-18,5.818417380019436e-18,2.1389478617466274e-20,3.9546230873321875e-13,8.318288413763572e-14,3.821611538508407e-13,8.843547541575417e-16,1.6604339431181003e-13,1.5535643043827936e-15,2.4079913410468556e-13,0.0
2025-07-22 00:00:00+00:00,,-2.2439192140546233e-19,5.818334661958181e-18,2.1389308980817215e-20,6.681660433272008e-13,8.304297462354004e-14,4.002525578767485e-13,8.817695037234032e-16,2.7143695277564994e-13,1.5490004908629874e-15,3.588160313577199e-13,0.0
2025-07-23 00:00:00+00:00,,-1.473879301176221e-20,5.818242844910187e-18,2.1389100570076943e-20,7.64706874212262e-13,8.287674610170728e-14,4.069510570539614e-13,8.787881065677457e-16,3.0847329898775477e-13,1.5436211963732122e-15,4.000825278710485e-13,0.0
2025-07-24 00:00:00+00:00,,2.081952694161023e-20,5.818147719139744e-18,2.1388861463181127e-20,8.810860027685941e-13,8.26933397517042e-14,4.1479756370151055e-13,8.755108302157004e-16,3.5324000668968125e-13,1.5376786249735128e-15,4.500054571598272e-13,0.0
2025-07-25 00:00:00+00:00,,2.6850214828811655e-20,5.818048457466237e-18,2.1388627203046712e-20,7.675301366694143e-13,8.251206114846463e-14,4.0608271953401776e-13,8.722417594953316e-16,3.091880050598572e-13,1.5317687702214012e-15,4.005781708942002e-13,0.0
2025-07-26 00:00:00+00:00,,2.787283947930021e-20,5.817950850153956e-18,2.1388394558499432e-20,1.1600121904709049e-12,8.232787552815007e-14,4.3342957803567395e-13,8.689368486933821e-16,4.607282437507632e-13,1.5257755886031034e-15,5.701759593981781e-13,0.0
2025-07-27 00:00:00+00:00,,2.8046036882402036e-20,5.817859033105963e-18,2.1388192610107695e-20,1.1955159084919842e-12,8.214495706912461e-14,4.359830367822032e-13,8.656498844020026e-16,4.742109482869239e-13,1.5198248645112867e-15,5.852127051182709e-13,0.0
2025-07-28 00:00:00+00:00,,2.807519499899453e-20,5.817772179141645e-18,2.1387971274670352e-20,1.6313313547233754e-12,8.197666178690055e-14,4.668349582771791e-13,8.62567478567385e-16,6.425216261818356e-13,1.5143294206286192e-15,7.736975123073808e-13,0.0
2025-07-29 00:00:00+00:00,,2.807993513164537e-20,5.817689461080389e-18,2.138778386656282e-20,2.0266236605559484e-12,8.181655223107875e-14,4.954280800710531e-13,8.596157805044406e-16,7.949183845890051e-13,1.5091134976185456e-15,9.443751119650456e-13,0.0
2025-07-30 00:00:00+00:00,,2.808050704949077e-20,5.817591853768108e-18,2.1387594842868155e-20,2.629731502001853e-12,8.164529572167109e-14,5.387170202118818e-13,8.564791645611987e-16,1.0273479116029716e-12,1.503586290000356e-15,1.204613882602179e-12,0.0
2025-07-31 00:00:00+00:00,,2.8080397189565664e-20,5.817511203658384e-18,2.1387407434760623e-20,3.631474461418538e-12,8.147823371941823e-14,6.107333063755382e-13,8.533906706772727e-16,1.4135272813353694e-12,1.4981787257859662e-15,1.6370763251949416e-12,0.0
2025-08-01 00:00:00+00:00,,2.808016777619265e-20,5.81742062738131e-18,2.1387216795478824e-20,5.625274551723791e-12,8.132776678666798e-14,7.538106965888913e-13,8.504573955809311e-16,2.182206455467184e-12,1.4930019780497032e-15,2.4978710506246005e-12,0.0
2025-08-02 00:00:00+00:00,,2.807989635755416e-20,5.817331291875154e-18,2.1387027771784158e-20,8.339727346207138e-12,8.116376087928881e-14,9.47430068426458e-13,8.473268676869976e-16,3.2280231005571425e-12,1.4874382421356633e-15,3.669095409442047e-12,0.0
2025-08-03 00:00:00+00:00,,2.8079650788309806e-20,5.817237406875629e-18,2.138682097663102e-20,8.329171553855819e-12,8.09922400956016e-14,9.472389235834489e-13,8.440427091922558e-16,3.2228065702244457e-12,1.4816261138098411e-15,3.663189543368084e-12,0.0
2025-08-04 00:00:00+00:00,,2.8079376138497044e-20,5.817149312140392e-18,2.138663356852349e-20,8.318541168395033e-12,8.08171075634273e-14,9.455019232829098e-13,8.407039170724162e-16,3.2175514422944085e-12,1.4756942362011008e-15,3.657196507439453e-12,0.0
2025-08-05 00:00:00+00:00,,2.8079124106904157e-20,5.817055013550561e-18,2.1386423542196083e-20,8.307940273233339e-12,8.0640802737654e-14,9.436273377266824e-13,8.37344160887132e-16,3.2123496571112575e-12,1.4697245597470893e-15,3.651240334384687e-12,0.0
2025-08-06 00:00:00+00:00,,2.8078833301220056e-20,5.816955751877055e-18,2.1386205437933007e-20,8.296576099742214e-12,8.045476719738265e-14,9.416196121436737e-13,8.3380668660160205e-16,3.20678206211511e-12,1.463453763080329e-15,3.644873465546983e-12,0.0
2025-08-07 00:00:00+00:00,,2.807851987731608e-20,5.816846977626504e-18,2.1385985718082798e-20,8.283485009030755e-12,8.024079989864263e-14,9.393264161286496e-13,8.298429429853663e-16,3.200390256627439e-12,1.4562979228628062e-15,3.6373395614908155e-12,0.0
2025-08-08 00:00:00+00:00,,2.807821614693491e-20,5.816740271327485e-18,2.1385748226774115e-20,8.270850150593478e-12,8.002974639324117e-14,9.37080057647477e-13,8.258993164016279e-16,3.1942142073720925e-12,1.4491943869297764e-15,3.6301241960329245e-12,0.0
2025-08-09 00:00:00+00:00,,2.807794795947068e-20,5.816656726085617e-18,2.1385564049840852e-20,8.261443612544994e-12,7.98645410872087e-14,9.353638740286496e-13,8.226593094992618e-16,3.1896286827037823e-12,1.443543830138643e-15,3.624989414544033e-12,0.0
2025-08-10 00:00:00+00:00,,2.8077737933143277e-20,5.816585174962631e-18,2.1385410569063132e-20,8.25310219471076e-12,7.972063357760198e-14,9.338531467215083e-13,8.198841119267015e-16,3.1855436257582914e-12,1.4386468150332106e-15,3.6203099979675857e-12,0.0
2025-08-11 00:00:00+00:00,,2.807754406268721e-20,5.816509901526889e-18,2.1385266781808215e-20,8.244235155663304e-12,7.957385293223818e-14,9.32283113555532e-13,8.17095573585222e-16,3.1812252485052817e-12,1.4337186714669667e-15,3.6153580129649754e-12,0.0
2025-08-12 00:00:00+00:00,,2.807732111166273e-20,5.816440418355434e-18,2.1385100376333424e-20,8.234960456598994e-12,7.942229502105186e-14,9.306448840729065e-13,8.142387961519292e-16,3.1766742014660565e-12,1.4286559555412278e-15,3.6101863686022195e-12,0.0
2025-08-13 00:00:00+00:00,,2.807710462298679e-20,5.816369280822755e-18,2.1384959820252776e-20,8.225784636772815e-12,7.927171966808436e-14,9.29016303989616e-13,8.114029298445218e-16,3.172152644725923e-12,1.4236258503839581e-15,3.6050630796563565e-12,0.0
2025-08-14 00:00:00+00:00,,2.8076910752530724e-20,5.816303933554363e-18,2.138479503036512e-20,8.217182143055446e-12,7.912886247933223e-14,9.274809652931593e-13,8.086926891111041e-16,3.1679420371688582e-12,1.4188469963746678e-15,3.6003075520874006e-12,0.0
2025-08-15 00:00:00+00:00,,2.807672657559746e-20,5.816237759105359e-18,2.138466739898154e-20,6.84305043185951e-14,7.899342529919806e-14,3.6047201465091994e-13,8.061253322479763e-16,3.870428283425653e-14,1.414318969996883e-15,9.600627855644445e-14,0.0
2025-08-16 00:00:00+00:00,,-7.642594022916338e-12,-3.8919763245548467e-11,2.1384539767597964e-20,5.032779748503913e-14,7.88601429708817e-14,3.4044362923375815e-13,8.036075268122629e-16,3.181959903897358e-14,1.4098776586170736e-15,8.815178947040037e-14,0.0
2025-08-17 00:00:00+00:00,,-7.64203717668055e-12,-3.889110908317228e-11,2.1384391133581646e-20,5.008146675145042e-14,7.87252682206245e-14,3.377188123338676e-13,8.010925801127465e-16,3.1630514180092106e-14,1.4054009836117162e-15,8.788630901594013e-14,0.0
2025-08-18 00:00:00+00:00,,-7.64010989889874e-12,-3.8837322247076145e-11,1.8577565366797486e-20,4.82357209730111e-14,-6.550066267152488e-09,-4.821783505803978e-08,7.955656371923529e-16,3.069549822654061e-14,1.391774446951881e-15,8.667550591102621e-14,0.0
2025-08-19 00:00:00+00:00,,-7.638512218577365e-12,-3.877865042967166e-11,1.450208041607853e-20,4.7335399488979135e-14,-6.552373310597659e-09,-4.8169283672905294e-08,7.867076842673227e-16,3.0322532679205594e-14,1.3685390626592747e-15,8.608882378670357e-14,0.0
2025-08-20 00:00:00+00:00,,-7.636954436895937e-12,-3.871808082478445e-11,-9.117350104059785e-12,5.576095141179849e-14,-6.5489182965450254e-09,-4.8120380569116605e-08,7.777045710709567e-16,3.350184712980209e-14,1.3462974597720345e-15,8.943066014295564e-14,0.0
2025-08-21 00:00:00+00:00,,-7.635399257299724e-12,-3.865719550022462e-11,-9.115861711317397e-12,5.6555454763795865e-14,-6.535089802639504e-09,-4.806992848216396e-08,7.696892041702077e-16,3.367011530697184e-14,1.328128920690785e-15,8.957701388371403e-14,0.0
2025-08-22 00:00:00+00:00,,-7.633880506896507e-12,-3.8597468970946736e-11,-9.114186835801341e-12,5.850007978036587e-14,-6.523424023185953e-09,-4.802043918061827e-08,7.631601153940939e-16,3.43609689312796e-14,1.3147166833666051e-15,9.027814032360609e-14,0.0
2025-08-23 00:00:00+00:00,,-7.632352215514171e-12,-3.853743366089013e-11,-9.112553593648709e-12,5.950535203469443e-14,-6.5129701631860826e-09,-4.7970424077448115e-08,7.584150897631346e-16,3.468406117868028e-14,1.3064819349325172e-15,9.053808457072307e-14,0.0
2025-08-24 00:00:00+00:00,,-7.630840404004857e-12,-3.847799856515621e-11,-9.110972393200356e-12,5.892942384067013e-14,-6.503476424057908e-09,-4.79211230697274e-08,7.560109455610308e-16,3.444163357291252e-14,1.3043479413010284e-15,9.016369600803667e-14,0.0
2025-08-25 00:00:00+00:00,,-7.629373695305919e-12,-3.842029472345132e-11,-9.109462316414518e-12,6.304852473437705e-14,-6.494857540673138e-09,-4.7873747632820596e-08,7.571345347655637e-16,3.603367604299024e-14,1.3110272196066022e-15,9.18709891690496e-14,0.0
2025-08-26 00:00:00+00:00,,-7.627962497758212e-12,-3.839436407693242e-11,-9.108044179972907e-12,5.349887199912473e-14,-6.487288928269663e-09,-4.7830329918951975e-08,7.622875655793036e-16,3.257810687884444e-14,1.327702863118316e-15,8.802926107238235e-14,0.0
2025-08-27 00:00:00+00:00,,-7.626653648895587e-12,-3.834240216993301e-11,-9.106742270004187e-12,6.673741420604173e-14,-6.480481484771872e-09,-4.778933160309862e-08,7.666181274012596e-16,3.764219838608973e-14,1.3417772684490119e-15,9.371570495542506e-14,0.0
2025-08-28 00:00:00+00:00,,-7.625405515354622e-12,-3.82926572395359e-11,-9.105494136463221e-12,6.583796008374776e-14,-6.4741376704091635e-09,-4.775013451308041e-08,7.65534931080399e-16,3.736117318298149e-14,1.34099386885192e-15,9.325792769314736e-14,0.0
2025-08-29 00:00:00+00:00,,-7.624127891514565e-12,-3.8241999844590424e-11,-9.104214777899688e-12,6.548234177117251e-14,-6.467655300212982e-09,-4.7709633577142085e-08,7.631079169887194e-16,3.714780219543634e-14,1.3369320282324805e-15,9.29167224932026e-14,0.0
2025-08-30 00:00:00+00:00,,-5.8685586772078135e-12,-3.820219834915761e-11,-9.102965776996985e-12,5.147271497918382e-14,-6.461475354768709e-09,-4.767164085706099e-08,7.604985790551433e-16,3.189332478670259e-14,1.3323478859219402e-15,8.690439454216506e-14,0.0
2025-08-31 00:00:00+00:00,,-9.953475760618447e-13,-3.8154840398263445e-11,-9.101780960862893e-12,6.446926326120206e-14,-6.455608936306589e-09,-4.7635026589887275e-08,7.579343456260085e-16,3.689193048272976e-14,1.3278328826757196e-15,9.247043777395325e-14,0.0
2025-09-01 00:00:00+00:00,,-1.6881761017318447e-13,-1.5184180301996975e-11,-9.100662931582626e-12,4.9573192772989216e-14,-4.705884126821047e-09,-4.76013042316481e-08,7.555429598576728e-16,3.1306120890084443e-14,1.323640916619758e-15,8.614881404815991e-14,0.0
2025-09-02 00:00:00+00:00,,-2.863257320042528e-14,6.007570838643468e-18,-9.099506738385887e-12,4.8883640191288436e-14,-8.893654701580544e-10,-4.7565663408022374e-08,7.530256838175515e-16,3.0957441471413105e-14,1.319201828701435e-15,8.568593425940796e-14,0.0
2025-09-03 00:00:00+00:00,,-4.8562537624280856e-15,5.814305465194435e-18,-7.54381366402379e-12,4.846990864226797e-14,-1.6803139435417336e-10,-4.7528576629929375e-08,7.505342952218805e-16,3.07184833125973e-14,1.3147870929803456e-15,8.534472905946319e-14,0.0
2025-09-04 00:00:00+00:00,,-8.236297974985784e-16,5.814231846119918e-18,-1.1489459557367798e-12,4.959400945470094e-14,-3.169697143645678e-11,-4.749535875703259e-08,7.483932076894585e-16,3.124150244060431e-14,1.3109522571907702e-15,8.57050772040159e-14,0.0
2025-09-05 00:00:00+00:00,,-1.3966988318094215e-16,5.814162362948463e-18,-1.749879538145982e-13,5.0117028582707945e-14,-5.9294387975972196e-12,-4.746286919043996e-08,7.461248005171523e-16,3.1397193872573226e-14,1.306844994429534e-15,8.577655323223701e-14,0.0
2025-09-06 00:00:00+00:00,,-2.3665632362058446e-17,5.814097842860684e-18,-2.665118525987855e-14,4.983340129438574e-14,-1.0593972530822948e-12,-4.74295802632696e-08,7.438499876581824e-16,3.117037877808926e-14,1.3027010974933292e-15,8.551490136669837e-14,0.0
2025-09-07 00:00:00+00:00,,-3.9905393049987446e-18,5.8140312548213736e-18,-4.059037787417126e-15,4.9676408819809836e-14,-1.3904936230213494e-13,-4.739936088071772e-08,7.415754924365678e-16,3.1056320709543783e-14,1.29854618912881e-15,8.53511122997537e-14,0.0
2025-09-08 00:00:00+00:00,,-6.535113546105287e-19,5.813970457046351e-18,-6.181856619111921e-16,4.958880528427301e-14,3.479430759896311e-14,-4.736476810762724e-08,7.393140203465173e-16,3.096958453574494e-14,1.2944046215332102e-15,8.5214543483602e-14,0.0
2025-09-09 00:00:00+00:00,,-8.752889846147143e-20,5.813902214645815e-18,-9.413343825866527e-17,4.939191416974964e-14,-6.406759567312292e-09,-4.734229364089515e-08,7.370198845484382e-16,3.086723585066231e-14,1.2901971971259613e-15,8.500522470167651e-14,0.0
2025-09-10 00:00:00+00:00,,-4.1918970510038696e-20,1.4996503264178124e-18,-4.677415196411753e-17,4.8982519429419114e-14,-6.408834352100712e-09,-4.743322534750405e-08,7.29608081562167e-16,3.06738141830909e-14,1.2697595626581359e-15,8.471124328260707e-14,0.0
2025-09-11 00:00:00+00:00,,6.6232505127898646e-21,4.737006942101298e-19,-9.089972698161919e-12,4.928436131423908e-14,-6.411104536141465e-09,-4.746225457097353e-08,7.218222076505647e-16,3.084251604112964e-14,1.2493846086284073e-15,8.484908603631144e-14,0.0
2025-09-12 00:00:00+00:00,,1.7658858511935173e-20,4.1586836168348488e-19,-9.091190474042055e-12,5.0636578263763e-14,-6.412743669415022e-09,-4.7560355653786246e-08,7.151633110752842e-16,3.1520792920236573e-14,1.2328651368163435e-15,2.178768131893844e-14,0.0
2025-09-13 00:00:00+00:00,,-7.617470022813766e-12,-3.816702856540566e-11,-9.09074811955568e-12,5.03971864240782e-14,-6.411304376285898e-09,-4.74768562241934e-08,7.078633693776099e-16,3.146137864118437e-14,1.2154159404655497e-15,5.783486753743738e-14,0.0
2025-09-14 00:00:00+00:00,,-7.616444801239464e-12,-3.813543231201422e-11,-9.091370017921818e-12,4.9508140642640086e-14,-6.4085510231848275e-09,-4.756087079726967e-08,7.007851914934385e-16,3.0921445959286586e-14,1.1997011499533775e-15,2.7777039430512337e-14,0.0
2025-09-15 00:00:00+00:00,,-7.615244372594088e-12,-3.8089541937180726e-11,-9.092696214019202e-12,4.918461471437041e-14,-6.397091301124647e-09,-4.756023486152117e-08,6.944989894149499e-16,3.068986037524368e-14,1.186843930967886e-15,1.961750667510767e-14,0.0
2025-09-16 00:00:00+00:00,,-7.614095985652991e-12,-3.804452586297913e-11,-9.089662182659719e-12,4.9068388241479965e-14,-6.389948126184208e-09,-4.750983961798738e-08,6.886598089743748e-16,3.0594016903195964e-14,1.1755436644185664e-15,2.4969553809035643e-14,0.0
2025-09-17 00:00:00+00:00,,-7.613028263353527e-12,-3.800187248215181e-11,-9.087574442956381e-12,4.937630165846585e-14,-6.379529793321126e-09,-4.742561898751774e-08,6.834811554139804e-16,3.0741034717785e-14,1.1661907266149844e-15,5.098058883682907e-14,0.0
2025-09-18 00:00:00+00:00,,-7.612137482848613e-12,-3.796533920574774e-11,-9.086020130721906e-12,5.084647980435619e-14,-6.371179139819105e-09,-4.739128556252581e-08,6.791959098547025e-16,3.144923557685253e-14,1.1589975110686641e-15,2.723545164623562e-14,0.0
2025-09-19 00:00:00+00:00,,-7.611343846858354e-12,-3.7932351704128564e-11,-9.08485005973736e-12,5.185348678216073e-14,-6.363900073580453e-09,-4.7375984024711215e-08,6.757040694692058e-16,3.19154425110213e-14,1.1536280633369007e-15,5.386933032893587e-14,0.0
2025-09-20 00:00:00+00:00,,-7.610517251122051e-12,-3.7898167243310965e-11,-9.083817031907415e-12,5.1682616519777014e-14,-6.368152227764767e-09,-4.746657111809327e-08,6.720170938684855e-16,3.18330431459124e-14,1.1477242436945382e-15,2.7847661649522612e-14,0.0
2025-09-21 00:00:00+00:00,,-7.609589174062403e-12,-3.786045782439018e-11,-9.083105795282265e-12,5.058280183600772e-14,-6.368856997340799e-09,-4.7560561711179616e-08,6.671982175524374e-16,3.128010003794479e-14,1.1392108214208036e-15,2.0490511346590683e-14,0.0
2025-09-22 00:00:00+00:00,,-7.610003772973162e-12,-3.791058786339896e-11,-9.083822236077843e-12,4.951594689828198e-14,-6.367860905243106e-09,-4.7460837038215686e-08,6.626358334007297e-16,3.0796545869016256e-14,1.1315608433576764e-15,4.4367108050598e-14,0.0
2025-09-23 00:00:00+00:00,,-7.608954265270196e-12,-3.7868312652289404e-11,-9.085196137070817e-12,4.9612224051198694e-14,-6.365040494671348e-09,-4.754970817089088e-08,6.580937251001969e-16,3.0715013865645346e-14,1.1241680456731593e-15,2.015994488046343e-14,0.0
2025-09-24 00:00:00+00:00,,-7.607975881229745e-12,-3.782888238768045e-11,-9.083961013955921e-12,4.9748399844062874e-14,-6.361581039726616e-09,-4.7503579736485335e-08,6.538434196499932e-16,3.0744937845605946e-14,1.11751439011424e-15,2.1786830897859398e-14,0.0
2025-09-25 00:00:00+00:00,,-7.60714581604649e-12,-3.7794628537923813e-11,-9.082622674794205e-12,5.092540972251314e-14,-6.358266801953505e-09,-4.7456929053169006e-08,6.500823286663881e-16,3.126231912231603e-14,1.1118727271690527e-15,2.4519011902193397e-14,0.0
2025-09-26 00:00:00+00:00,,-7.60639121133444e-12,-3.77632612680312e-11,-9.083889890293406e-12,5.16912901371569e-14,-6.36503338924399e-09,-4.755276705736833e-08,6.433624986584645e-16,3.1630514180092106e-14,1.0920189101601223e-15,2.1052519401159805e-14,0.0
2025-09-27 00:00:00+00:00,,-7.60562359619632e-12,-3.773151929786778e-11,-9.081752710971003e-12,5.1573328940790475e-14,-6.353258807934026e-09,-4.7465910313349013e-08,6.386918531081859e-16,3.1573701986253866e-14,1.0817653645753722e-15,3.841604091043768e-14,0.0
2025-09-28 00:00:00+00:00,,-7.604810010886087e-12,-3.769810505427351e-11,-9.08506516544838e-12,5.1121433475298517e-14,-6.359734516792059e-09,-4.754295446218748e-08,6.320984957071992e-16,3.133561118917605e-14,1.0625403636506598e-15,2.6800225789145628e-14,0.0
2025-09-29 00:00:00+00:00,,-7.60406321242968e-12,-3.766713330133342e-11,-9.08238328295452e-12,5.209808279227346e-14,-6.347988357191525e-09,-4.75260080179396e-08,6.280053678082704e-16,3.1856461912838085e-14,1.0546834977901657e-15,2.137542868944388e-14,0.0
2025-09-30 00:00:00+00:00,,-7.603375394571454e-12,-3.7638371586101727e-11,-9.082566296281236e-12,5.247278306308445e-14,-6.346099201692823e-09,-4.7493958987843143e-08,6.22604156340985e-16,3.199220402483327e-14,1.0393726361147154e-15,2.1406485999487905e-14,0.0
2025-10-01 00:00:00+00:00,,-7.602584360666409e-12,-3.7605887154290585e-11,-9.080449933640544e-12,5.1588941452074266e-14,-6.33926600102086e-09,-4.745895409996592e-08,6.188039959626878e-16,3.158974817840665e-14,1.031827796016166e-15,2.0910421153928424e-14,0.0
2025-10-02 00:00:00+00:00,,-7.601740417695346e-12,-3.75725249524006e-11,-9.078725618505423e-12,5.0770151971413213e-14,-6.34184305070562e-09,-4.742208048469365e-08,6.141550026921233e-16,3.125494654754313e-14,1.0214664654888779e-15,2.0547946956678102e-14,0.0
2025-10-03 00:00:00+00:00,,-7.600935506002493e-12,-3.754041869030722e-11,-9.076886811620888e-12,5.091413401991929e-14,-6.340530767090513e-09,-4.738607728427269e-08,6.108940317243127e-16,3.1273161144040884e-14,1.0175377149212756e-15,2.0591767359171356e-14,0.0
2025-10-04 00:00:00+00:00,,-7.600189574907823e-12,-3.7510574507626515e-11,-9.078143618779233e-12,5.109107581446892e-14,-6.344416547676701e-09,-4.735105108011339e-08,6.059086604945699e-16,3.1313493464857345e-14,1.004752811373656e-15,2.074790433047053e-14,0.0
2025-10-05 00:00:00+00:00,,-7.599540788327808e-12,-3.748407140236054e-11,-9.082947068084213e-12,5.232446420588843e-14,-6.345743930324943e-09,-4.73208174867068e-08,6.020972239901624e-16,3.193409078838805e-14,9.96853805624036e-16,2.148434187986773e-14,0.0
2025-10-06 00:00:00+00:00,,-7.599018636561539e-12,-3.746207857813211e-11,-9.091764667512603e-12,5.352749493647835e-14,-6.352608217241595e-09,-4.7295273475356225e-08,5.970837418544826e-16,3.252606517456513e-14,9.822118882186798e-16,2.2172705227310567e-14,0.0
2025-10-07 00:00:00+00:00,,-7.59843576947361e-12,-3.743801796352031e-11,-9.09039076651963e-12,5.3159733559571265e-14,-6.347990133548365e-09,-4.726863878090626e-08,5.920518896917592e-16,3.237210846607219e-14,9.676678031187314e-16,2.196509067567496e-14,0.0
2025-10-08 00:00:00+00:00,,-7.59777657455274e-12,-3.7411337916459786e-11,-9.08857537840202e-12,5.236349548409791e-14,-6.341977165646995e-09,-4.7239385736475015e-08,5.872555126883725e-16,3.195707587444474e-14,9.546847997405727e-16,2.149157384717139e-14,0.0
2025-10-09 00:00:00+00:00,,-7.597020235117213e-12,-3.7381358425347955e-11,-9.092943412114529e-12,5.136863157062521e-14,-6.342445235674177e-09,-4.720690327530974e-08,5.836608636789029e-16,3.1465281769005315e-14,9.482551843962021e-16,2.0934671707208315e-14,0.0
2025-10-10 00:00:00+00:00,,-7.596174557422675e-12,-3.7348239084744606e-11,-9.095407586812154e-12,5.033560374068102e-14,-6.348259695698744e-09,-4.7165425343109746e-08,5.781145448798409e-16,3.099170226006365e-14,9.325589227297511e-16,2.236968443326045e-14,0.0
2025-10-11 00:00:00+00:00,,-7.595261225512573e-12,-3.731285419528163e-11,-9.093870621812439e-12,4.97241137153992e-14,-6.342426583927363e-09,-4.712771684012296e-08,5.725453561912031e-16,3.072282012128724e-14,9.170140682026218e-16,1.9973601020199273e-14,0.0
2025-10-12 00:00:00+00:00,,-7.594426823520628e-12,-3.7280289966190594e-11,-9.088245780941584e-12,5.019595850086489e-14,-6.327560253538422e-09,-4.709208312192459e-08,5.697896933159888e-16,3.0893256702801963e-14,9.151764302235536e-16,2.0151860798014835e-14,0.0
2025-10-13 00:00:00+00:00,,-7.593690433405076e-12,-3.7251219470180175e-11,-9.08733331639322e-12,5.1105820964014725e-14,-6.328809032396521e-09,-4.705998080112295e-08,5.649380474127938e-16,3.1302217762263496e-14,9.018478374029151e-16,2.0693021677686135e-14,0.0
2025-10-14 00:00:00+00:00,,-7.592830010560991e-12,-3.721783992105543e-11,-9.083003446597182e-12,4.9976515981153824e-14,-6.315739486950633e-09,-4.701860234490596e-08,5.625103980464038e-16,3.080131635857519e-14,9.001609712884582e-16,2.216589847054643e-14,0.0
2025-10-15 00:00:00+00:00,,-7.591981730781239e-12,-3.718493915561005e-11,-9.080514118409155e-12,4.99556992994421e-14,-6.3076091016966984e-09,-4.698305744454956e-08,5.589808646947543e-16,3.076879029340063e-14,8.925815087181899e-16,2.004039465028796e-14,0.0
2025-10-16 00:00:00+00:00,,-7.591163808662316e-12,-3.715320065489358e-11,-9.077171306270948e-12,5.005631326104876e-14,-6.297319110615263e-09,-4.6920725083055004e-08,5.56682229034143e-16,3.08082552524791e-14,8.90780928430564e-16,3.111377326029015e-14,0.0
2025-10-17 00:00:00+00:00,,-7.590483797059733e-12,-3.7126284685440325e-11,-9.074601313441288e-12,5.134087599500958e-14,-6.28989349493736e-09,-4.6857369540020954e-08,5.543928577963922e-16,3.1399362276918197e-14,8.879054103933133e-16,4.1618760575432706e-14,0.0
2025-10-18 00:00:00+00:00,,-7.580226377146282e-12,-3.710107221444048e-11,-9.07163406893563e-12,5.1784965204859645e-14,-6.280370445921335e-09,-4.6810388454332497e-08,5.534393633955799e-16,3.160189124273849e-14,8.907865400238396e-16,3.106867383804654e-14,0.0
2025-10-19 00:00:00+00:00,,-4.1840159809014565e-12,-3.7074589925856216e-11,-9.069755363411147e-12,5.151521570434525e-14,-6.273641162124477e-09,-4.673172071534282e-08,5.51279323500963e-16,3.1474389067254194e-14,8.875072519685446e-16,4.576553234146054e-14,0.0
2025-10-20 00:00:00+00:00,,-2.051235700392673e-12,-3.704870091270074e-11,-9.067584356980962e-12,5.1583737281646336e-14,-6.2653318089189725e-09,-4.668583386546743e-08,5.501721984993424e-16,3.15112519411187e-14,8.88847046332864e-16,3.2042934522110225e-14,0.0
2025-10-21 00:00:00+00:00,,-8.884096258134078e-13,-3.702151779583218e-11,-9.065307532418743e-12,5.138684616712297e-14,-6.256455353792489e-09,-4.661652752702139e-08,5.499537698780692e-16,3.1451837662066495e-14,8.940374524754016e-16,4.567576378971053e-14,0.0
2025-10-22 00:00:00+00:00,,-3.6456579942389933e-13,-3.699541367696568e-11,-9.063304794165727e-12,5.15490428121268e-14,-6.248235706607375e-09,-4.656875418618256e-08,5.501736808070001e-16,3.15038793663458e-14,9.003775999647185e-16,3.6010172572769825e-14,0.0
2025-10-23 00:00:00+00:00,,-1.7353159924640704e-13,-3.697044406725247e-11,-9.061883188277164e-12,5.1608890772048e-14,-6.242041106219176e-09,-4.6518213281387943e-08,5.494955250536046e-16,3.149347102548994e-14,9.018313202604437e-16,3.9586853895845833e-14,0.0
2025-10-24 00:00:00+00:00,,-6.917528344845686e-14,-3.6945852627257025e-11,-9.060409540684322e-12,5.167914707282506e-14,-6.235457483683149e-09,-4.646944873343273e-08,5.500494316615498e-16,3.152426236718853e-14,9.082834878570349e-16,4.056366584314665e-14,0.0
2025-10-25 00:00:00+00:00,,-2.1288848369707333e-14,-3.691903033287147e-11,-9.058913341686292e-12,5.1230721054285056e-14,-6.228490612159021e-09,-4.6416705146157256e-08,5.518380476087956e-16,3.135859627523274e-14,9.197324086885976e-16,4.482020291474327e-14,0.0
2025-10-26 00:00:00+00:00,,-7.256910729887961e-15,-3.689457420130715e-11,-9.057793577682549e-12,5.160368660162007e-14,-6.2229390529466855e-09,-4.636731887330825e-08,5.531982766429676e-16,3.1489134216799997e-14,9.279723451994875e-16,4.661939237426971e-14,0.0
2025-10-27 00:00:00+00:00,,-2.0543850281828707e-15,-3.687091604254178e-11,-9.056793509598648e-12,5.181445550395125e-14,-6.217780956774277e-09,-4.632072503341078e-08,5.55388386207212e-16,3.158237560363375e-14,9.386907001140434e-16,4.8464955193592424e-14,0.0
2025-10-28 00:00:00+00:00,,-6.751406337406041e-16,-3.684749380616914e-11,-9.055972985394511e-12,5.202088759759249e-14,-6.213534131660481e-09,-4.6276905862896456e-08,5.569127808144737e-16,3.169513262957224e-14,9.456392290177256e-16,5.052791748915743e-14,0.0
2025-10-29 00:00:00+00:00,,-1.2878388191727889e-16,-3.682595201004446e-11,-9.055216645958986e-12,5.2323596844150444e-14,-6.209620817543282e-09,-4.6236209527705796e-08,5.602923363949e-16,3.1800517080737833e-14,9.591089587032003e-16,5.284487108428611e-14,0.0
2025-10-30 00:00:00+00:00,,-2.45423478584136e-17,-3.680632881808421e-11,-9.054618166359774e-12,5.289085142079486e-14,-6.206360758653773e-09,-4.620254756559916e-08,5.635893592025282e-16,3.2065062410824297e-14,9.707290860692269e-16,5.078233230519473e-14,0.0
2025-10-31 00:00:00+00:00,,-4.661966357701406e-18,-3.6787423801643016e-11,-9.054090810423077e-12,5.309034462053219e-14,-6.203546121241743e-09,-4.618756932472934e-08,5.66738468881742e-16,3.2169145819382905e-14,9.806700764964402e-16,2.2600699117096903e-14,0.0
2025-11-01 00:00:00+00:00,,-8.727383085724217e-19,-3.695257294600296e-11,-9.053587740615043e-12,5.3033966107562946e-14,-6.201160918095638e-09,-4.615091953041883e-08,5.697574001848748e-16,3.2123609328138514e-14,9.891981100885149e-16,6.279550582863683e-14,0.0
2025-11-02 00:00:00+00:00,,-7.585438353829854e-12,-3.741128934420246e-11,-9.053174009066023e-12,5.378596873439889e-14,-6.199515123483934e-09,-4.612438431195187e-08,5.725430797901573e-16,3.248052868332074e-14,9.96346750525986e-16,5.641474565059798e-14,0.0
2025-11-03 00:00:00+00:00,,-7.585314321101322e-12,-3.7739030650518757e-11,-9.052803645603902e-12,5.404184044710547e-14,-6.197648172445724e-09,-4.61138220941848e-08,5.751841814592555e-16,3.262407705095782e-14,1.0025040447778143e-15,2.3239710936900915e-14,0.0
2025-11-04 00:00:00+00:00,,-7.58743675527418e-12,-3.9166222348674395e-11,-9.052409863374855e-12,5.373219230664361e-14,-6.195760793303862e-09,-4.6101803263809416e-08,5.773253748707959e-16,3.247922764071376e-14,1.0071305387357172e-15,2.2450943692022343e-14,0.0
2025-11-05 00:00:00+00:00,,-7.587774158990257e-12,-3.917589169732949e-11,-9.05201955059276e-12,5.377469303180504e-14,-6.195148838372688e-09,-4.6083297178256544e-08,5.772003316319575e-16,3.252910094064809e-14,1.0074225533442832e-15,4.07478819566473e-14,0.0
2025-11-06 00:00:00+00:00,,-7.587249405138774e-12,-3.9150377384444823e-11,-9.051637044066307e-12,5.3735661753595565e-14,-6.196493540500114e-09,-4.6128754149776796e-08,5.790016530734122e-16,3.260542877359107e-14,1.0109614569979116e-15,2.91188785323665e-14,0.0
2025-11-07 00:00:00+00:00,,-7.586342144760838e-12,-3.9137186547133496e-11,-9.051318722308466e-12,5.378076456397096e-14,-6.197267143903673e-09,-4.6234202244477274e-08,5.803774992775492e-16,3.2628413859647765e-14,1.0133545368321418e-15,3.791359451865359e-14,0.0
2025-11-08 00:00:00+00:00,,-7.585743665161626e-12,-3.911380247467733e-11,-9.051021217232336e-12,5.4202302368633326e-14,-6.204191382863655e-09,-4.634806671788283e-08,5.799806643417605e-16,3.27901768237826e-14,1.0124868574567982e-15,2.2925310941604958e-14,0.0
2025-11-09 00:00:00+00:00,,-7.585300443313514e-12,-3.909110535271765e-11,-9.05232139247758e-12,5.4328069820641645e-14,-6.208839664623156e-09,-4.633424310895862e-08,5.793180728187709e-16,3.2835279634158e-14,1.0106823596417913e-15,2.275215538432955e-14,0.0
2025-11-10 00:00:00+00:00,,-7.584917936787061e-12,-3.906720086321869e-11,-9.051829598372141e-12,5.37929076283028e-14,-6.216811954118384e-09,-4.63187106447549e-08,5.751315065978481e-16,3.2579841602320414e-14,9.967131981547918e-16,2.2456474817167914e-14,0.0
2025-11-11 00:00:00+00:00,,-7.58451721566411e-12,-3.904317841252336e-11,-9.061970791812701e-12,5.392301188900106e-14,-6.2214904339441546e-09,-4.629887229157248e-08,5.723276687237587e-16,3.264532741353854e-14,9.879832530839154e-16,2.575704542229565e-14,0.0
2025-11-12 00:00:00+00:00,,-7.584100014668138e-12,-3.901843431686203e-11,-9.059313195447505e-12,5.3674946431936377e-14,-6.225097326506557e-09,-4.6409653009504837e-08,5.69598157990791e-16,3.252996830238608e-14,9.798127732747004e-16,2.2417758635214814e-14,0.0
2025-11-13 00:00:00+00:00,,-7.583691487289546e-12,-3.8993478584936625e-11,-9.06984470167016e-12,5.3562189405997884e-14,-6.232744542700175e-09,-4.639204220779902e-08,5.652145507305131e-16,3.247489083202382e-14,9.654549295440296e-16,2.2284171375037444e-14,0.0
2025-11-14 00:00:00+00:00,,-7.583259541144027e-12,-3.896790182200682e-11,-9.068946982271342e-12,5.338438024971026e-14,-6.230028493092732e-09,-4.637395889517393e-08,5.605977447119444e-16,3.239552723299788e-14,9.503024630297158e-16,2.217313043785009e-14,0.0
2025-11-15 00:00:00+00:00,,-7.582803308869845e-12,-3.894123565273411e-11,-9.068044058702096e-12,5.28353402695636e-14,-6.2271299228200405e-09,-4.63541880435514e-08,5.559967146820182e-16,3.212924717943544e-14,9.354500579369669e-16,2.1919992947497247e-14,0.0
2025-11-16 00:00:00+00:00,,-7.582365291192161e-12,-3.891548888690366e-11,-9.06716715598499e-12,5.314672313350144e-14,-6.22437745789739e-09,-4.6335639325434386e-08,5.515393096762109e-16,3.2264121929692635e-14,9.21082049810929e-16,2.2064217247426236e-14,0.0
2025-11-17 00:00:00+00:00,,-7.581950692281403e-12,-3.889064764672767e-11,-9.066316274120023e-12,5.3360961482784575e-14,-6.221748005685868e-09,-4.631803207644225e-08,5.472088537333733e-16,3.2356062273919406e-14,9.071664631578433e-16,2.2173980858929132e-14,0.0
2025-11-18 00:00:00+00:00,,-7.58152481766805e-12,-3.8865913959407195e-11,-9.064222462884519e-12,5.3290705182007514e-14,-6.21646911724838e-09,-4.630031469332607e-08,5.439725526001514e-16,3.2311826825282e-14,8.981208924349962e-16,2.2125481446435245e-14,0.0
2025-11-19 00:00:00+00:00,,-7.581114555565982e-12,-3.88413259888587e-11,-9.06620958862625e-12,5.3289837820269526e-14,-6.224797566289908e-09,-4.628277849860751e-08,5.397917567911818e-16,3.230618897398507e-14,8.848135813171575e-16,2.211697215344713e-14,0.0
2025-11-20 00:00:00+00:00,,-7.580683476782202e-12,-3.881625576518388e-11,-9.065177428158044e-12,5.316927453868914e-14,-6.221639647918664e-09,-4.626499361393144e-08,5.358174782026646e-16,3.225718303578873e-14,8.725172040218668e-16,2.2114419196144104e-14,0.0
2025-11-21 00:00:00+00:00,,-7.58027061259492e-12,-3.879215351720866e-11,-9.063153873223317e-12,5.3242132924680163e-14,-6.216192449670643e-09,-4.622299698553434e-08,5.328477277500318e-16,3.226151984447867e-14,8.64789245988033e-16,3.610079154559888e-14,0.0
2025-11-22 00:00:00+00:00,,-7.579896779685846e-12,-3.876938006741604e-11,-9.063023768962619e-12,5.358474081118558e-14,-6.2230514075167775e-09,-4.6302435663392316e-08,5.293270353047693e-16,3.240376716950877e-14,8.542665027447337e-16,2.2576448563817013e-14,0.0
2025-11-23 00:00:00+00:00,,-7.579574988481053e-12,-3.874872991915801e-11,-9.062155539862893e-12,5.4105157853978625e-14,-6.220313597538052e-09,-4.628734018297109e-08,5.25743397723614e-16,3.2632750668337707e-14,8.431696299818735e-16,2.2623672344692335e-14,0.0
2025-11-24 00:00:00+00:00,,-7.579247125744093e-12,-3.8728065893112174e-11,-9.060948172323613e-12,5.408000436357696e-14,-6.216652082002838e-09,-4.627230865139609e-08,5.226049288958e-16,3.26032603692461e-14,8.341588934889822e-16,2.262239671307377e-14,0.0
2025-11-25 00:00:00+00:00,,-7.578866353941116e-12,-3.87053757100464e-11,-9.060070402244769e-12,5.3484994211316916e-14,-6.215041814527922e-09,-4.6255404839712355e-08,5.200638829935963e-16,3.2350858103491476e-14,8.282731791758673e-16,2.2321183326700668e-14,0.0
2025-11-26 00:00:00+00:00,,-7.578478643244235e-12,-3.8682518993526926e-11,-9.058373842685263e-12,5.332106284283711e-14,-6.211873238015642e-09,-4.6238081807814524e-08,5.179996637011376e-16,3.2249810461015826e-14,8.240006920503574e-16,2.2216950840343343e-14,0.0
2025-11-27 00:00:00+00:00,,-7.578064044333477e-12,-3.865861797347492e-11,-9.057761485298244e-12,5.304871125710875e-14,-6.212670822236532e-09,-4.621397664550386e-08,5.14309776424661e-16,3.2134017668994375e-14,8.126346745685072e-16,2.522524425669151e-14,0.0
2025-11-28 00:00:00+00:00,,-7.577642506528814e-12,-3.8634671850612534e-11,-9.056005945140555e-12,5.309207934400817e-14,-6.206564151511884e-09,-4.619624149881929e-08,5.121336958436055e-16,3.214919649940917e-14,8.085185709008841e-16,2.2135266371041927e-14,0.0
2025-11-29 00:00:00+00:00,,-7.57723050970327e-12,-3.8611090019680105e-11,-9.054531430185975e-12,5.310942657876794e-14,-6.203209501620677e-09,-4.61609133139973e-08,5.105369328589127e-16,3.214052288202929e-14,8.069143963779029e-16,3.182510814126252e-14,0.0
2025-11-30 00:00:00+00:00,,-7.576796828834276e-12,-3.85867483798652e-11,-9.053746467813095e-12,5.2828401375659695e-14,-6.20293327813215e-09,-4.615359117110529e-08,5.074165693603463e-16,3.2017357515234934e-14,7.979827515864615e-16,4.5699589132450896e-14,0.0
2025-12-01 00:00:00+00:00,,-7.576403913966967e-12,-3.8576159627767836e-11,-9.051193822218195e-12,5.189772223079814e-14,-6.1933889128340525e-09,-4.618167182002253e-08,5.079169011343776e-16,3.153597175065137e-14,8.049755379616378e-16,2.1820014260601032e-14,0.0
2025-12-02 00:00:00+00:00,,-7.576091663741291e-12,-3.855646704686855e-11,-9.050688150324948e-12,5.3028761937135016e-14,-6.191811063871455e-09,-4.61615670133142e-08,5.062299820803614e-16,3.2071133942990215e-14,8.006789633366903e-16,2.203443726306667e-14,0.0
2025-12-03 00:00:00+00:00,,-7.575806301729493e-12,-3.853796795572073e-11,-9.049824258033912e-12,5.34112684635879e-14,-6.1921805460940504e-09,-4.611408144228335e-08,5.044441719297534e-16,3.2244606290587896e-14,7.962242053088432e-16,3.743284572284636e-14,0.0
2025-12-04 00:00:00+00:00,,-7.575542623761145e-12,-3.852024602069015e-11,-9.048205761030825e-12,5.358474081118558e-14,-6.185757683851989e-09,-4.605039904959085e-08,5.053519794909732e-16,3.229751535660519e-14,8.033530992907314e-16,4.977701600515291e-14,0.0
2025-12-05 00:00:00+00:00,,-7.575263333281512e-12,-3.8501996729722876e-11,-9.047601209899447e-12,5.3507545616504615e-14,-6.183291212380482e-09,-4.603620951115772e-08,5.036544725251163e-16,3.228840805835631e-14,7.979695166966607e-16,2.28589408279899e-14,0.0
2025-12-06 00:00:00+00:00,,-7.574996185866212e-12,-3.848425744745754e-11,-9.046933341361196e-12,5.3605557492897304e-14,-6.180642220243726e-09,-4.602006953291493e-08,5.02274126458447e-16,3.232006676179289e-14,7.939754387130014e-16,2.237564076894554e-14,0.0
2025-12-07 00:00:00+00:00,,-7.5747082217692e-12,-3.846593876755122e-11,-9.045731177992344e-12,5.3387849696662215e-14,-6.175737254920932e-09,-4.597747960133347e-08,5.028414267748706e-16,3.2220753842793215e-14,7.989683802997103e-16,3.917417605581175e-14,0.0
2025-12-08 00:00:00+00:00,,-7.574396838905262e-12,-3.844660007024103e-11,-9.044405849256698e-12,5.300447580847134e-14,-6.169829980251507e-09,-4.591577962287374e-08,5.044486188527264e-16,3.204381204824358e-14,8.082655198078919e-16,5.5698728371493186e-14,0.0
2025-12-09 00:00:00+00:00,,-7.574075047700468e-12,-3.842698728662164e-11,-9.04378395089056e-12,5.272952213752902e-14,-6.167498511899794e-09,-4.589981372760121e-08,5.034692899470229e-16,3.1870773381514894e-14,8.052975163607128e-16,2.250880281858339e-14,0.0
2025-12-10 00:00:00+00:00,,-7.57372897036701e-12,-3.840661816356672e-11,-9.042810771020537e-12,5.234354616412418e-14,-6.162640175944034e-09,-4.5861099806643324e-08,5.045155344555595e-16,3.170337256608313e-14,8.113535372357851e-16,3.780553344337467e-14,0.0
2025-12-11 00:00:00+00:00,,-7.573426261120453e-12,-3.8387768658276755e-11,-9.041749987614978e-12,5.269482766800948e-14,-6.157418130925407e-09,-4.579893442269167e-08,5.070214284904522e-16,3.183347682678139e-14,8.233865931635981e-16,6.433177287320374e-14,0.0
2025-12-12 00:00:00+00:00,,-7.573103602553921e-12,-3.836838832760314e-11,-9.041170589974001e-12,5.279717635309211e-14,-6.15509865298236e-09,-4.578366130658651e-08,5.068986616526595e-16,3.1933657107519053e-14,8.231227424005283e-16,2.2727054409970616e-14,0.0
2025-12-13 00:00:00+00:00,,-7.572787015519555e-12,-3.834925779711007e-11,-9.040455883901899e-12,5.2779829118332344e-14,-6.151299913881303e-09,-4.575060685851895e-08,5.08503418510792e-16,3.1911105702331355e-14,8.302049966307584e-16,4.0625353558629285e-14,0.0
2025-12-14 00:00:00+00:00,,-7.572499051422543e-12,-3.833125483687638e-11,-9.0395243373953e-12,5.3138049516121555e-14,-6.14618356209462e-09,-4.570221534550001e-08,5.136531670718613e-16,3.205942455952737e-14,8.520257300223316e-16,6.552768852703672e-14,0.0
2025-12-15 00:00:00+00:00,,-7.572212822049007e-12,-3.831331085724088e-11,-9.039092391249781e-12,5.309815087617409e-14,-6.144432962429391e-09,-4.568530442838892e-08,5.142424373053543e-16,3.203036794130476e-14,8.531438135127073e-16,2.8301606934746926e-14,0.0
2025-12-16 00:00:00+00:00,,-7.571917051696353e-12,-3.8295228099727296e-11,-9.038571974206988e-12,5.2856156951275324e-14,-6.141434916173694e-09,-4.56736266585267e-08,5.169535250717193e-16,3.1903733127558453e-14,8.629282616633561e-16,2.2103358639918858e-14,0.0
2025-12-17 00:00:00+00:00,,-7.57159526049156e-12,-3.827609409978727e-11,-9.038021199503365e-12,5.2546508810813464e-14,-6.138815233924788e-09,-4.562223665516285e-08,5.210211361031121e-16,3.177362886686019e-14,8.777846901626045e-16,7.701331976653347e-14,0.0
2025-12-18 00:00:00+00:00,,-7.57129775541543e-12,-3.8257966239463315e-11,-9.037603131145655e-12,5.2888249335580895e-14,-6.13658768244818e-09,-4.5598945064284635e-08,5.241668047109777e-16,3.1910238340593367e-14,8.87729121661166e-16,4.182211963354131e-14,0.0
2025-12-19 00:00:00+00:00,,-7.570979433657588e-12,-3.82391132647264e-11,-9.037180725979255e-12,5.2768553415738495e-14,-6.134112329192476e-09,-4.558156874168162e-08,5.280532036312173e-16,3.1882049084108743e-14,8.999207315687932e-16,2.8854682179854305e-14,0.0
2025-12-20 00:00:00+00:00,,-7.570714888327501e-12,-3.822238359152408e-11,-9.036837250731011e-12,5.313631479264558e-14,-6.132287566629202e-09,-4.554328469907887e-08,5.330996671122808e-16,3.200955125959304e-14,9.156222871911646e-16,8.264955831272652e-14,0.0
2025-12-21 00:00:00+00:00,,-7.570520599298192e-12,-3.820813110344545e-11,-9.036607399870444e-12,5.4046177255795413e-14,-6.1313740751245405e-09,-4.553122678885302e-08,5.368409587007438e-16,3.2421114404268536e-14,9.252443697137366e-16,3.920438125071084e-14,0.0
2025-12-22 00:00:00+00:00,,-7.572088789320475e-12,-3.8254274747906436e-11,-9.036404437223755e-12,5.3838010438678197e-14,-6.130662200121151e-09,-4.5523652403289816e-08,5.359740734187882e-16,3.232266884700685e-14,9.178194906563422e-16,2.2858090406910857e-14,0.0
2025-12-23 00:00:00+00:00,,-7.57512195331822e-12,-3.835398665330558e-11,-9.037871145922693e-12,5.3589944981613513e-14,-6.129722507353108e-09,-4.5512965840543984e-08,5.399788451934066e-16,3.225544831231275e-14,9.28928221880464e-16,2.2405847657910524e-14,0.0
2025-12-24 00:00:00+00:00,,-7.57529022149539e-12,-3.835212009084543e-11,-9.039062033588952e-12,5.3257745435963955e-14,-6.1286433705731724e-09,-4.548357068756559e-08,5.445932689318112e-16,3.2068098176907256e-14,9.416170930676886e-16,8.262658677919699e-14,0.0
2025-12-25 00:00:00+00:00,,-7.5750187372714e-12,-3.8334953267327165e-11,-9.038812233408411e-12,5.328723573505556e-14,-6.127980789472076e-09,-4.54753568135402e-08,5.443000896529428e-16,3.208501173079803e-14,9.355024681005782e-16,2.3343518212718718e-14,0.0
2025-12-26 00:00:00+00:00,,-7.574735977344815e-12,-3.8317408274091136e-11,-9.038535545013993e-12,5.3014016787589213e-14,-6.126295026831485e-09,-4.546276599626253e-08,5.489668706153996e-16,3.194363176750592e-14,9.479283355576804e-16,2.20493281022794e-14,0.0
2025-12-27 00:00:00+00:00,,-7.57441939031045e-12,-3.829855182990727e-11,-9.03889896958221e-12,5.2438088593564913e-14,-6.1249703087185026e-09,-4.543472442719576e-08,5.533390429308894e-16,3.169209686348928e-14,9.58535199760554e-16,8.208542759359158e-14,0.0
2025-12-28 00:00:00+00:00,,-7.574108007446512e-12,-3.8279986819267364e-11,-9.038597995059128e-12,5.249793655348611e-14,-6.124024398701522e-09,-4.542044251820698e-08,5.5748521626814e-16,3.169469894870325e-14,9.676940611400963e-16,3.261132412290396e-14,0.0
2025-12-29 00:00:00+00:00,,-7.573796624582574e-12,-3.826152589203602e-11,-9.03829962262126e-12,5.227242250160913e-14,-6.122307549816242e-09,-4.539577957984875e-08,5.615259340034575e-16,3.156676309234996e-14,9.758250480381456e-16,8.200756832507997e-14,0.0
2025-12-30 00:00:00+00:00,,-7.573512997294252e-12,-3.8244026001610365e-11,-9.03802813839727e-12,5.277722703311838e-14,-6.121033013783972e-09,-4.538291520361781e-08,5.65496930339304e-16,3.1805721251165764e-14,9.831407657244625e-16,2.3048688066636125e-14,0.0
2025-12-31 00:00:00+00:00,,-7.573222431112026e-12,-3.8226300597132834e-11,-9.037750582641113e-12,5.2654061666324026e-14,-6.119678985783139e-09,-4.536279263334109e-08,5.694022286821792e-16,3.175975107905238e-14,9.897951624372107e-16,8.21079722225157e-14,0.0
