Area;Elevation
6491165,101465145;-13,0
7249303,110420051;-12,0
20588772,70599852;-11,0
79523038,09632783;-10,0
80732299,5486278;-9,0
82843807,8876179;-8,0
84522989,59340233;-7,0
88194633,17396079;-6,0
104203249,80933091;-5,0
108338548,03999403;-4,0
117705625,09278399;-3,0
128852133,50543505;-2,0
153576204,44209668;-1,0
292509693,78561807;0,0
449018200,60945773;1,0
487420083,7242066;2,0
722774943,4793565;3,0
1231059486,4582725;4,0
3154963129,050632;5,0
24411417328,009995;6,0
24449881867,158543;7,0
24489900275,94528;8,0
24525582887,193195;9,0
24611841448,922802;10,0
24676477413,388744;11,0
24763187098,561695;12,0
24878687231,264793;13,0
25039869878,209957;14,0
25320167911,008358;15,0
28567548689,91093;16,0
29154153275,137253;17,0
30178084445,06634;18,0
31688997106,48305;19,0
33543979111,897694;20,0
35751075496,04992;21,0
37968077799,1456;22,0
40011410107,760185;23,0
41937318743,43408;24,0
43707025886,84975;25,0
45374108712,50779;26,0
46917163919,26283;27,0
48689803365,06024;28,0
50465017973,84674;29,0
52276266067,670425;30,0
54083454050,504005;31,0
55846469529,51005;32,0
57551133444,24008;33,0
59281787081,7895;34,0
61102320799,82204;35,0
62708113493,21895;36,0
64223136390,452805;37,0
65564670995,70358;38,0
66448440618,02671;39,0
67064737897,66987;40,0
67621875350,20103;41,0
68153399016,11559;42,0
69020013416,38484;43,0
69728671955,44952;44,0
70383853569,66768;45,0
71097925590,0525;46,0
71974590018,14294;47,0
72850333402,53656;48,0
73829597085,9711;49,0
74895814813,11041;50,0
76353100175,19948;51,0
78127813535,71559;52,0
80363167791,11069;53,0
82871508120,15996;54,0
85510567732,52185;55,0
88369336992,99954;56,0
91616730303,10887;57,0
94877068349,80086;58,0
98149047887,5725;59,0
101423602588,33322;60,0
104691835295,28374;61,0
108107748273,89597;62,0
111268544679,69319;63,0
114405726026,35197;64,0
117584586166,69313;65,0
120375837285,15018;66,0
123014445774,06873;67,0
125545292150,45822;68,0
128027166570,83125;69,0
130301179599,07967;70,0
132419999897,21399;71,0
134552886474,93596;72,0
136557221668,11472;73,0
138587872395,48862;74,0
140509150750,26483;75,0
142387741549,21454;76,0
144329051037,99597;77,0
146153632335,81186;78,0
147966597204,9616;79,0
149640183726,9279;80,0
151198351569,035;81,0
152677591605,36685;82,0
154071205905,91046;83,0
155436881880,98358;84,0
156825721791,7518;85,0
158183277544,8447;86,0
159627849997,67615;87,0
161127002121,54898;88,0
162583071956,58237;89,0
163870578263,8892;90,0
165040711023,08237;91,0
166160737752,04733;92,0
167137019008,2731;93,0
168008595766,41916;94,0
168774070796,9318;95,0
169507841874,34268;96,0
170225748443,99594;97,0
170978441643,6138;98,0
171739161081,1612;99,0
172474955948,46375;100,0
173182931536,76004;101,0
173901602510,02563;102,0
174587654752,09604;103,0
175188551178,63168;104,0
175737919282,9719;105,0
176283058105,03076;106,0
176793548140,39935;107,0
177295379111,8971;108,0
177752003755,0096;109,0
178167920772,96362;110,0
178575241383,08057;111,0
178992756129,89642;112,0
179385189666,38297;113,0
179736859187,28058;114,0
180099562435,73;115,0
180455605347,7867;116,0
180849774456,40945;117,0
181208085516,88965;118,0
181552887936,483;119,0
181895547519,7205;120,0
182258990109,36874;121,0
182631298527,7994;122,0
183025141825,04642;123,0
183457437130,2352;124,0
183882100930,50742;125,0
184289421540,62436;126,0
184652275163,5549;127,0
184983813300,79324;128,0
185299731288,80576;129,0
185605918794,76947;130,0
185898271848,47058;131,0
186178532287,6487;132,0
186425992293,13364;133,0
186670795682,78552;134,0
186913036440,65506;135,0
187158585437,10913;136,0
187378338944,4486;137,0
187593343124,42618;138,0
187815859762,85614;139,0
188030018086,37744;140,0
188237390761,43845;141,0
188428930256,7587;142,0
188617217903,92484;143,0
188812679666,96085;144,0
189038404294,32126;145,0
189271829348,23544;146,0
189506081461,79575;147,0
189753929934,69022;148,0
189978244801,29016;149,0
190186325489,53308;150,0
190361925289,85516;151,0
190544811986,90793;152,0
190723030809,44275;153,0
190895247183,93973;154,0
191071717903,1316;155,0
191239291465,52414;156,0
191391169691,45032;157,0
191535178319,53146;158,0
191674099277,6682;159,0
191808164393,18564;160,0
191928545430,9216;161,0
192053989076,18842;162,0
192176982870,53375;163,0
192309650756,49747;164,0
192445908833,1978;165,0
192571365009,67142;166,0
192692454060,5893;167,0
192817402723,18912;168,0
192951329995,4322;169,0
193076216001,99823;170,0
193195945416,9827;171,0
193311251315,98102;172,0
193429433126,93066;173,0
193540472150,02734;174,0
193652902137,07434;175,0
193768596503,4822;176,0
193885199382,38016;177,0
193998794771,6558;178,0
194104138361,28024;179,0
194215841538,33517;180,0
194317657593,2568;181,0
194419248086,45676;182,0
194525437532,53748;183,0
194625536812,13306;184,0
194719289035,50488;185,0
194810560079,93832;186,0
194902244654,19482;187,0
194992763826,2227;188,0
195084429603,66907;189,0
195179660509,43854;190,0
195269058138,46143;191,0
195351005965,06573;192,0
195427414998,28232;193,0
195492652460,67273;194,0
195547589271,10675;195,0
195596667742,38068;196,0
195645489323,91602;197,0
195693533970,63226;198,0
195737186429,37927;199,0
195779792532,36188;200,0
195822047761,5552;201,0
195862479700,165;202,0
195903275043,77084;203,0
195942723282,65002;204,0
195992428314,26193;205,0
196055648252,36404;206,0
196130891883,35196;207,0
196207075354,84686;208,0
196287168562,85074;209,0
196361196666,783;210,0
196419548231,059;211,0
196467041504,67783;212,0
196506395759,50632;213,0
196542322729,28604;214,0
196571225957,67703;215,0
196600235701,32547;216,0
196629232913,76715;217,0
196654101093,58154;218,0
196681901575,77768;219,0
196706945192,48672;220,0
196732433667,03574;221,0
196759920869,0629;222,0
196790359170,28192;223,0
196818873931,26337;224,0
196847952596,54898;225,0
196874355849,19144;226,0
196901830520,01184;227,0
196933152271,30743;228,0
196962506623,14175;229,0
196990607854,3001;230,0
197017712854,5211;231,0
197045544664,73413;232,0
197071471731,5197;233,0
197093952716,4464;234,0
197116452498,18326;235,0
197138588874,92407;236,0
197161007203,81696;237,0
197183532047,96732;238,0
197203769946,88403;239,0
197223456472,70334;240,0
197240799662,8586;241,0
197256482468,11823;242,0
197274502343,4385;243,0
197291645034,2856;244,0
197309765159,25998;245,0
197322359022,05338;246,0
197332772454,8706;247,0
197340748567,97308;248,0
197347126952,2137;249,0
197351945201,21277;250,0
197355880000,13528;251,0
197360134344,83017;252,0
197364238315,04395;253,0
197368097926,7259;254,0
197372239490,55994;255,0
197376650475,33932;256,0
197381011335,29166;257,0
197385647881,7927;258,0
197389989944,93488;259,0
197393699182,1357;260,0
197397903402,00354;261,0
197401499858,34354;262,0
197404983533,8227;263,0
197408717833,43704;264,0
197412734085,2035;265,0
197416198963,87253;266,0
197420259074,86264;267,0
197424231467,40543;268,0
197427997095,03668;269,0
197432514595,07352;270,0
197436010801,75943;271,0
197439713773,35687;272,0
197443134792,80225;273,0
197447038263,70786;274,0
197451060781,07767;275,0
197455271266,5489;276,0
197459281252,71194;277,0
197462645881,7269;278,0
197465709761,7796;279,0
197468610736,14444;280,0
197471586897,74985;281,0
197474281107,20316;282,0
197477125691,13757;283,0
197479650729,29962;284,0
197482213361,08197;285,0
197484901304,93192;286,0
197487965184,98462;287,0
197491004002,6238;288,0
197493648087,2501;289,0
197496354827,91016;290,0
197498911194,0891;291,0
197501429966,6478;292,0
197504249488,1687;293,0
197506649214,26315;294,0
197509142924,40833;295,0
197511555181,70953;296,0
197514061423,06146;297,0
197516736835,70462;298,0
197518810750,42334;299,0
197521160351,69077;300,0
197523553812,18185;301,0
197525608930,09042;302,0
197527808156,87674;303,0
197529650244,2704;304,0
197531316894,7694;305,0
197533190310,17996;306,0
197535088788,00403;307,0
197536887016,17404;308,0
197538760431,5846;309,0
197540865674,3202;310,0
197542757886,5409;311,0
197544706489,19202;312,0
197546135046,7626;313,0
197547469620,2825;314,0
197548985896,3004;315,0
197550583625,16226;316,0
197551811683,4247;317,0
197552964554,4466;318,0
197554136222,27863;319,0
197555257765,2836;320,0
197556510885,95956;321,0
197557488320,08682;322,0
197558321645,33633;323,0
197559060986,53516;324,0
197559950702,2151;325,0
197560690043,4139;326,0
197561379259,78568;327,0
197562081007,3642;328,0
197562757692,5292;329,0
197563296534,41986;330,0
197564004547,60178;331,0
197564624842,33636;332,0
197565251402,67435;333,0
197565752650,94473;334,0
197566341617,66245;335,0
197567018302,82745;336,0
197567494488,68433;337,0
197568089721,0054;338,0
197568703750,13663;339,0
197569236326,42392;340,0
197569856621,1585;341,0
197570332807,01538;342,0
197570877914,50943;343,0
197571266381,91898;344,0
197571717505,36234;345,0
197572168628,8057;346,0
197572600955,4389;347,0
197573033282,0721;348,0
197573371624,65463;349,0
197573904200,94193;350,0
197574242543,52444;351,0
197574599682,91708;352,0
197574912963,08606;353,0
197575245040,0652;354,0
197575708694,7153;355,0
197576021974,88428;356,0
197576366583,07016;357,0
197576761316,0831;358,0
197577011940,2183;359,0
197577375345,21432;360,0
197577663562,9698;361,0
197577989374,34555;362,0
197578227467,274;363,0
197578553278,64975;364,0
197578935480,4559;365,0
197579261291,83167;366,0
197579593368,8108;367,0
197579869055,3595;368,0
197580075820,27103;369,0
197580251257,16565;370,0
197580677318,19547;371,0
197580902879,91714;372,0
197581178566,46585;373,0
197581466784,2213;374,0
197581786329,99368;375,0
197582249984,6438;376,0
197582619655,2432;377,0
197582951732,22232;378,0
197583252481,18454;379,0
197583484308,50958;380,0
197583803854,28195;381,0
197584004353,59012;382,0
197584135931,2611;383,0
197584348961,77603;384,0
197584518133,0673;385,0
197584756225,99573;386,0
197584975522,114;387,0
197585182287,02554;388,0
197585401583,14383;389,0
197585533160,81482;390,0
197585664738,4858;391,0
197585808847,36356;392,0
197585946690,6379;393,0
197586109596,32578;394,0
197586272502,01364;395,0
197586347689,2542;396,0
197586391548,47787;397,0
197586460470,11505;398,0
197586516860,54547;399,0
197586585782,18265;400,0
197586635907,00967;401,0
197586717359,8536;402,0
197586773750,28403;403,0
197586792547,09418;404,0
197586842671,9212;405,0
197586905327,955;406,0
197586955452,782;407,0
197586999312,00568;408,0
197587030640,02258;409,0
197587074499,24625;410,0
197587105827,26315;411,0
197587174748,90033;412,0
197587206076,91724;413,0
197587256201,74426;414,0
197587281264,15778;415,0
197587318857,77805;416,0
197587325123,38144;417,0
197587356451,39835;418,0
197587387779,41525;419,0
197587412841,82877;420,0
197587437904,24228;421,0
197587450435,44904;422,0
197587475497,86255;423,0
197587513091,48282;424,0
197587544419,49973;425,0
197587569481,91324;426,0
197587569481,91324;427,0
197587575747,51663;428,0
197587600809,93015;429,0
197587613341,1369;430,0
197587632137,94705;431,0
197587663465,96396;432,0
197587669731,56735;433,0
197587688528,3775;434,0
197587701059,58426;435,0
197587701059,58426;436,0
197587701059,58426;437,0
197587713590,79102;438,0
197587732387,60117;439,0
197587757450,01468;440,0
197587757450,01468;441,0
